,x,xlabel,target,prediction
2022-11-30 11:44:19.855571+00:00,0.0,Hello you,85.0,85.10154231585663
2022-11-30 11:45:19.855571+00:00,0.02515789912784619,Hello you,85.02515524538937,85.126697561246
2022-11-30 11:46:19.855571+00:00,0.05031579825569238,Hello you,85.05029457036336,85.15183688622
2022-11-30 11:47:19.855571+00:00,0.07547369738353857,Hello you,85.0754020645824,85.17694438043904
2022-11-30 11:48:19.855571+00:00,0.10063159651138476,Hello you,85.10046183785217,85.2020041537088
2022-11-30 11:49:19.855571+00:00,0.12578949563923095,Hello you,85.1254580301803,85.22700034603693
2022-11-30 11:50:19.855571+00:00,0.15094739476707714,Hello you,85.15037482181394,85.25191713767057
2022-11-30 11:51:19.855571+00:00,0.17610529389492333,Hello you,85.17519644325186,85.2767387591085
2022-11-30 11:52:19.855571+00:00,0.20126319302276952,Hello you,85.1999071852248,85.30144950108144
2022-11-30 11:53:19.855571+00:00,0.2264210921506157,Hello you,85.22449140863758,85.32603372449421
2022-11-30 11:54:19.855571+00:00,0.2515789912784619,Hello you,85.24893355446689,85.35047587032352
2022-11-30 11:55:19.855571+00:00,0.2767368904063081,Hello you,85.27321815360847,85.3747604694651
2022-11-30 11:56:19.855571+00:00,0.3018947895341543,Hello you,85.29732983666717,85.39887215252381
2022-11-30 11:57:19.855571+00:00,0.32705268866200043,Hello you,85.32125334368415,85.42279565954078
2022-11-30 11:58:19.855571+00:00,0.35221058778984665,Hello you,85.34497353379459,85.44651584965122
2022-11-30 11:59:19.855571+00:00,0.37736848691769287,Hello you,85.36847539481025,85.47001771066688
2022-11-30 12:00:19.855571+00:00,0.40252638604553903,Hello you,85.3917440527204,85.49328636857703
2022-11-30 12:01:19.855571+00:00,0.4276842851733852,Hello you,85.4147647811054,85.51630709696204
2022-11-30 12:02:19.855571+00:00,0.4528421843012314,Hello you,85.4375230104569,85.53906532631353
2022-11-30 12:03:19.855571+00:00,0.4780000834290776,Hello you,85.46000433739862,85.56154665325525
2022-11-30 12:04:19.855571+00:00,0.5031579825569238,Hello you,85.48219453380204,85.58373684965868
2022-11-30 12:05:19.855571+00:00,0.52831588168477,Hello you,85.50407955579132,85.60562187164795
2022-11-30 12:06:19.855571+00:00,0.5534737808126162,Hello you,85.52564555263132,85.62718786848795
2022-11-30 12:07:19.855571+00:00,0.5786316799404624,Hello you,85.54687887549363,85.64842119135027
2022-11-30 12:08:19.855571+00:00,0.6037895790683085,Hello you,85.56776608609471,85.66930840195134
2022-11-30 12:09:19.855571+00:00,0.6289474781961547,Hello you,85.5882939652008,85.68983628105744
2022-11-30 12:10:19.855571+00:00,0.6541053773240009,Hello you,85.60844952099421,85.70999183685085
2022-11-30 12:11:19.855571+00:00,0.6792632764518471,Hello you,85.62821999729564,85.72976231315228
2022-11-30 12:12:19.855571+00:00,0.7044211755796933,Hello you,85.6475928816374,85.74913519749403
2022-11-30 12:13:19.855571+00:00,0.7295790747075395,Hello you,85.66655591318238,85.76809822903901
2022-11-30 12:14:19.855571+00:00,0.7547369738353857,Hello you,85.68509709048378,85.78663940634041
2022-11-30 12:15:19.855571+00:00,0.7798948729632319,Hello you,85.70320467908068,85.80474699493732
2022-11-30 12:16:19.855571+00:00,0.8050527720910781,Hello you,85.72086721892458,85.82240953478122
2022-11-30 12:17:19.855571+00:00,0.8302106712189242,Hello you,85.73807353163234,85.83961584748897
2022-11-30 12:18:19.855571+00:00,0.8553685703467704,Hello you,85.7548127275608,85.85635504341744
2022-11-30 12:19:19.855571+00:00,0.8805264694746167,Hello you,85.77107421269872,85.87261652855535
2022-11-30 12:20:19.855571+00:00,0.9056843686024628,Hello you,85.78684769537159,85.88839001122822
2022-11-30 12:21:19.855571+00:00,0.930842267730309,Hello you,85.80212319275505,85.90366550861168
2022-11-30 12:22:19.855571+00:00,0.9560001668581553,Hello you,85.8168910371929,85.91843335304954
2022-11-30 12:23:19.855571+00:00,0.9811580659860014,Hello you,85.83114188231569,85.93268419817232
2022-11-30 12:24:19.855571+00:00,1.0063159651138476,Hello you,85.84486670895582,85.94640902481245
2022-11-30 12:25:19.855571+00:00,1.0314738642416938,Hello you,85.85805683085569,85.95959914671232
2022-11-30 12:26:19.855571+00:00,1.05663176336954,Hello you,85.87070390016513,85.97224621602176
2022-11-30 12:27:19.855571+00:00,1.0817896624973862,Hello you,85.88279991272462,85.98434222858126
2022-11-30 12:28:19.855571+00:00,1.1069475616252324,Hello you,85.89433721313102,85.99587952898766
2022-11-30 12:29:19.855571+00:00,1.1321054607530785,Hello you,85.9053084995826,86.00685081543924
2022-11-30 12:30:19.855571+00:00,1.1572633598809248,Hello you,85.91570682850016,86.0172491443568
2022-11-30 12:31:19.855571+00:00,1.1824212590087708,Hello you,85.92552561892168,86.02706793477832
2022-11-30 12:32:19.855571+00:00,1.207579158136617,Hello you,85.93475865666716,86.03630097252379
2022-11-30 12:33:19.855571+00:00,1.2327370572644634,Hello you,85.94340009827158,86.04494241412822
2022-11-30 12:34:19.855571+00:00,1.2578949563923094,Hello you,85.95144447468317,86.0529867905398
2022-11-30 12:35:19.855571+00:00,1.2830528555201557,Hello you,85.95888669472465,86.06042901058129
2022-11-30 12:36:19.855571+00:00,1.3082107546480017,Hello you,85.96572204831536,86.06726436417199
2022-11-30 12:37:19.855571+00:00,1.333368653775848,Hello you,85.97194620945223,86.07348852530886
2022-11-30 12:38:19.855571+00:00,1.3585265529036943,Hello you,85.97755523894769,86.07909755480432
2022-11-30 12:39:19.855571+00:00,1.3836844520315403,Hello you,85.98254558692263,86.08408790277926
2022-11-30 12:40:19.855571+00:00,1.4088423511593866,Hello you,85.98691409505317,86.0884564109098
2022-11-30 12:41:19.855571+00:00,1.4340002502872329,Hello you,85.99065799856943,86.09220031442607
2022-11-30 12:42:19.855571+00:00,1.459158149415079,Hello you,85.99377492800542,86.09531724386206
2022-11-30 12:43:19.855571+00:00,1.4843160485429252,Hello you,85.99626291069855,86.09780522655518
2022-11-30 12:44:19.855571+00:00,1.5094739476707715,Hello you,85.99812037203814,86.09966268789478
2022-11-30 12:45:19.855571+00:00,1.5346318467986175,Hello you,85.99934613646198,86.10088845231861
2022-11-30 12:46:19.855571+00:00,1.5597897459264638,Hello you,85.99993942820029,86.10148174405693
2022-11-30 12:47:19.855571+00:00,1.5849476450543099,Hello you,85.99989987176674,86.10144218762338
2022-11-30 12:48:19.855571+00:00,1.6101055441821561,Hello you,85.99922749219608,86.10076980805272
2022-11-30 12:49:19.855571+00:00,1.6352634433100024,Hello you,85.99792271502824,86.09946503088487
2022-11-30 12:50:19.855571+00:00,1.6604213424378484,Hello you,85.9959863660391,86.09752868189574
2022-11-30 12:51:19.855571+00:00,1.6855792415656947,Hello you,85.99341967071781,86.09496198657445
2022-11-30 12:52:19.855571+00:00,1.7107371406935408,Hello you,85.99022425349119,86.09176656934783
2022-11-30 12:53:19.855571+00:00,1.735895039821387,Hello you,85.98640213669572,86.08794445255235
2022-11-30 12:54:19.855571+00:00,1.7610529389492333,Hello you,85.9819557392975,86.08349805515414
2022-11-30 12:55:19.855571+00:00,1.7862108380770794,Hello you,85.9768878753615,86.07843019121813
2022-11-30 12:56:19.855571+00:00,1.8113687372049256,Hello you,85.97120175227037,86.07274406812701
2022-11-30 12:57:19.855571+00:00,1.836526636332772,Hello you,85.96490096869474,86.06644328455137
2022-11-30 12:58:19.855571+00:00,1.861684535460618,Hello you,85.95798951231549,86.05953182817213
2022-11-30 12:59:19.855571+00:00,1.8868424345884642,Hello you,85.95047175730011,86.05201407315674
2022-11-30 13:00:19.855571+00:00,1.9120003337163105,Hello you,85.94235246153431,86.04389477739095
2022-11-30 13:01:19.855571+00:00,1.9371582328441566,Hello you,85.93363676361085,86.03517907946748
2022-11-30 13:02:19.855571+00:00,1.9623161319720028,Hello you,85.92433017957731,86.02587249543394
2022-11-30 13:03:19.855571+00:00,1.9874740310998489,Hello you,85.91443859944516,86.0159809153018
2022-11-30 13:04:19.855571+00:00,2.012631930227695,Hello you,85.90396828346202,86.00551059931865
2022-11-30 13:05:19.855571+00:00,2.037789829355541,Hello you,85.89292585814957,85.9944681740062
2022-11-30 13:06:19.855571+00:00,2.0629477284833877,Hello you,85.88131831210981,85.98286062796645
2022-11-30 13:07:19.855571+00:00,2.0881056276112337,Hello you,85.869152991602,85.97069530745863
2022-11-30 13:08:19.855571+00:00,2.11326352673908,Hello you,85.85643759589334,85.95797991174997
2022-11-30 13:09:19.855571+00:00,2.1384214258669263,Hello you,85.84318017238623,85.94472248824286
2022-11-30 13:10:19.855571+00:00,2.1635793249947723,Hello you,85.82938911152509,85.93093142738172
2022-11-30 13:11:19.855571+00:00,2.1887372241226184,Hello you,85.81507314148627,85.9166154573429
2022-11-30 13:12:19.855571+00:00,2.213895123250465,Hello you,85.80024132265403,85.90178363851066
2022-11-30 13:13:19.855571+00:00,2.239053022378311,Hello you,85.78490304188641,85.88644535774304
2022-11-30 13:14:19.855571+00:00,2.264210921506157,Hello you,85.76906800657432,85.87061032243095
2022-11-30 13:15:19.855571+00:00,2.289368820634003,Hello you,85.75274623849795,85.85428855435458
2022-11-30 13:16:19.855571+00:00,2.3145267197618495,Hello you,85.7359480674841,85.83749038334074
2022-11-30 13:17:19.855571+00:00,2.3396846188896956,Hello you,85.71868412486855,85.82022644072518
2022-11-30 13:18:19.855571+00:00,2.3648425180175416,Hello you,85.7009653367676,85.80250765262423
2022-11-30 13:19:19.855571+00:00,2.390000417145388,Hello you,85.68280291716319,85.78434523301982
2022-11-30 13:20:19.855571+00:00,2.415158316273234,Hello you,85.66420836080562,85.76575067666225
2022-11-30 13:21:19.855571+00:00,2.4403162154010802,Hello you,85.6451934359387,85.74673575179533
2022-11-30 13:22:19.855571+00:00,2.4654741145289267,Hello you,85.6257701768518,85.72731249270844
2022-11-30 13:23:19.855571+00:00,2.490632013656773,Hello you,85.60595087626355,85.70749319212018
2022-11-30 13:24:19.855571+00:00,2.515789912784619,Hello you,85.58574807754184,85.68729039339847
2022-11-30 13:25:19.855571+00:00,2.5409478119124653,Hello you,85.56517456676539,85.66671688262203
2022-11-30 13:26:19.855571+00:00,2.5661057110403114,Hello you,85.54424336463158,85.64578568048822
2022-11-30 13:27:19.855571+00:00,2.5912636101681574,Hello you,85.5229677182158,85.62451003407243
2022-11-30 13:28:19.855571+00:00,2.6164215092960035,Hello you,85.5013610925876,85.60290340844423
2022-11-30 13:29:19.855571+00:00,2.64157940842385,Hello you,85.4794371622888,85.58097947814544
2022-11-30 13:30:19.855571+00:00,2.666737307551696,Hello you,85.45720980267907,85.55875211853571
2022-11-30 13:31:19.855571+00:00,2.691895206679542,Hello you,85.43469308115439,85.53623539701103
2022-11-30 13:32:19.855571+00:00,2.7170531058073886,Hello you,85.41190124824399,85.51344356410063
2022-11-30 13:33:19.855571+00:00,2.7422110049352346,Hello you,85.38884872859138,85.49039104444802
2022-11-30 13:34:19.855571+00:00,2.7673689040630807,Hello you,85.36555011182521,85.46709242768185
2022-11-30 13:35:19.855571+00:00,2.792526803190927,Hello you,85.34202014332567,85.4435624591823
2022-11-30 13:36:19.855571+00:00,2.817684702318773,Hello you,85.31827371489231,85.41981603074895
2022-11-30 13:37:19.855571+00:00,2.8428426014466193,Hello you,85.29432585531929,85.39586817117592
2022-11-30 13:38:19.855571+00:00,2.8680005005744658,Hello you,85.27019172088379,85.37173403674042
2022-11-30 13:39:19.855571+00:00,2.893158399702312,Hello you,85.24588658575385,85.34742890161048
2022-11-30 13:40:19.855571+00:00,2.918316298830158,Hello you,85.22142583232156,85.32296814817819
2022-11-30 13:41:19.855571+00:00,2.9434741979580044,Hello you,85.19682494146771,85.29836725732434
2022-11-30 13:42:19.855571+00:00,2.9686320970858504,Hello you,85.17209948276417,85.2736417986208
2022-11-30 13:43:19.855571+00:00,2.9937899962136965,Hello you,85.14726510462015,85.24880742047678
2022-11-30 13:44:19.855571+00:00,3.018947895341543,Hello you,85.12233752437845,85.22387984023509
2022-11-30 13:45:19.855571+00:00,3.044105794469389,Hello you,85.0973325183683,85.19887483422494
2022-11-30 13:46:19.855571+00:00,3.069263693597235,Hello you,85.07226591192058,85.17380822777722
2022-11-30 13:47:19.855571+00:00,3.094421592725081,Hello you,85.0471535693523,85.14869588520894
2022-11-30 13:48:19.855571+00:00,3.1195794918529276,Hello you,85.02201138392623,85.12355369978286
2022-11-30 13:49:19.855571+00:00,3.1447373909807737,Hello you,84.99685526779227,85.0983975836489
2022-11-30 13:50:19.855571+00:00,3.1698952901086197,Hello you,84.97170114191688,85.07324345777351
2022-11-30 13:51:19.855571+00:00,3.195053189236466,Hello you,84.94656492600694,85.04810724186358
2022-11-30 13:52:19.855571+00:00,3.2202110883643122,Hello you,84.92146252843433,85.02300484429097
2022-11-30 13:53:19.855571+00:00,3.2453689874921583,Hello you,84.89640983616776,84.9979521520244
2022-11-30 13:54:19.855571+00:00,3.270526886620005,Hello you,84.87142270471813,84.97296502057476
2022-11-30 13:55:19.855571+00:00,3.295684785747851,Hello you,84.84651694810378,84.94805926396042
2022-11-30 13:56:19.855571+00:00,3.320842684875697,Hello you,84.82170832884202,84.92325064469865
2022-11-30 13:57:19.855571+00:00,3.3460005840035434,Hello you,84.79701254797324,84.89855486382987
2022-11-30 13:58:19.855571+00:00,3.3711584831313894,Hello you,84.77244523512391,84.87398755098054
2022-11-30 13:59:19.855571+00:00,3.3963163822592355,Hello you,84.74802193861487,84.8495642544715
2022-11-30 14:00:19.855571+00:00,3.4214742813870815,Hello you,84.72375811562092,84.82530043147756
2022-11-30 14:01:19.855571+00:00,3.446632180514928,Hello you,84.69966912238824,84.80121143824488
2022-11-30 14:02:19.855571+00:00,3.471790079642774,Hello you,84.67577020451563,84.77731252037226
2022-11-30 14:03:19.855571+00:00,3.49694797877062,Hello you,84.65207648730572,84.75361880316235
2022-11-30 14:04:19.855571+00:00,3.5221058778984666,Hello you,84.62860296619243,84.73014528204907
2022-11-30 14:05:19.855571+00:00,3.5472637770263127,Hello you,84.60536449725056,84.7069068131072
2022-11-30 14:06:19.855571+00:00,3.5724216761541587,Hello you,84.58237578779354,84.68391810365017
2022-11-30 14:07:19.855571+00:00,3.5975795752820052,Hello you,84.55965138706539,84.66119370292202
2022-11-30 14:08:19.855571+00:00,3.6227374744098513,Hello you,84.5372056770327,84.63874799288934
2022-11-30 14:09:19.855571+00:00,3.6478953735376973,Hello you,84.5150528632825,84.61659517913914
2022-11-30 14:10:19.855571+00:00,3.673053272665544,Hello you,84.49320696603172,84.59474928188835
2022-11-30 14:11:19.855571+00:00,3.69821117179339,Hello you,84.47168181125394,84.57322412711058
2022-11-30 14:12:19.855571+00:00,3.723369070921236,Hello you,84.4504910219292,84.55203333778583
2022-11-30 14:13:19.855571+00:00,3.7485269700490824,Hello you,84.4296480094221,84.53119032527873
2022-11-30 14:14:19.855571+00:00,3.7736848691769285,Hello you,84.40916596499405,84.51070828085068
2022-11-30 14:15:19.855571+00:00,3.7988427683047745,Hello you,84.38905785145458,84.49060016731121
2022-11-30 14:16:19.855571+00:00,3.824000667432621,Hello you,84.36933639495744,84.47087871081408
2022-11-30 14:17:19.855571+00:00,3.849158566560467,Hello you,84.35001407694635,84.45155639280298
2022-11-30 14:18:19.855571+00:00,3.874316465688313,Hello you,84.33110312625566,84.43264544211229
2022-11-30 14:19:19.855571+00:00,3.899474364816159,Hello you,84.3126155113709,84.41415782722753
2022-11-30 14:20:19.855571+00:00,3.9246322639440057,Hello you,84.29456293285405,84.39610524871068
2022-11-30 14:21:19.855571+00:00,3.9497901630718517,Hello you,84.27695681593849,84.37849913179512
2022-11-30 14:22:19.855571+00:00,3.9749480621996978,Hello you,84.25980830329806,84.36135061915469
2022-11-30 14:23:19.855571+00:00,4.000105961327544,Hello you,84.243128247995,84.34467056385164
2022-11-30 14:24:19.855571+00:00,4.02526386045539,Hello you,84.22692720661128,84.32846952246791
2022-11-30 14:25:19.855571+00:00,4.050421759583236,Hello you,84.21121543256737,84.312757748424
2022-11-30 14:26:19.855571+00:00,4.075579658711082,Hello you,84.19600286963306,84.2975451854897
2022-11-30 14:27:19.855571+00:00,4.1007375578389285,Hello you,84.18129914563417,84.2828414614908
2022-11-30 14:28:19.855571+00:00,4.125895456966775,Hello you,84.16711356635922,84.26865588221585
2022-11-30 14:29:19.855571+00:00,4.1510533560946214,Hello you,84.15345510966993,84.25499742552657
2022-11-30 14:30:19.855571+00:00,4.1762112552224675,Hello you,84.14033241981926,84.24187473567589
2022-11-30 14:31:19.855571+00:00,4.2013691543503136,Hello you,84.12775380198052,84.22929611783715
2022-11-30 14:32:19.855571+00:00,4.22652705347816,Hello you,84.11572721699122,84.21726953284785
2022-11-30 14:33:19.855571+00:00,4.251684952606006,Hello you,84.10426027631475,84.20580259217138
2022-11-30 14:34:19.855571+00:00,4.276842851733853,Hello you,84.09336023722311,84.19490255307974
2022-11-30 14:35:19.855571+00:00,4.302000750861699,Hello you,84.08303399820399,84.18457631406062
2022-11-30 14:36:19.855571+00:00,4.327158649989545,Hello you,84.07328809459472,84.17483041045135
2022-11-30 14:37:19.855571+00:00,4.352316549117391,Hello you,84.06412869444618,84.16567101030282
2022-11-30 14:38:19.855571+00:00,4.377474448245237,Hello you,84.05556159461918,84.15710391047581
2022-11-30 14:39:19.855571+00:00,4.402632347373083,Hello you,84.04759221711555,84.14913453297218
2022-11-30 14:40:19.855571+00:00,4.42779024650093,Hello you,84.04022560564681,84.14176792150344
2022-11-30 14:41:19.855571+00:00,4.452948145628776,Hello you,84.03346642244196,84.1350087382986
2022-11-30 14:42:19.855571+00:00,4.478106044756622,Hello you,84.02731894529684,84.12886126115347
2022-11-30 14:43:19.855571+00:00,4.503263943884468,Hello you,84.02178706486679,84.12332938072342
2022-11-30 14:44:19.855571+00:00,4.528421843012314,Hello you,84.0168742822043,84.11841659806093
2022-11-30 14:45:19.855571+00:00,4.55357974214016,Hello you,84.01258370654321,84.11412602239984
2022-11-30 14:46:19.855571+00:00,4.578737641268006,Hello you,84.00891805333099,84.11046036918762
2022-11-30 14:47:19.855571+00:00,4.603895540395853,Hello you,84.00587964251007,84.1074219583667
2022-11-30 14:48:19.855571+00:00,4.629053439523699,Hello you,84.00347039704967,84.1050127129063
2022-11-30 14:49:19.855571+00:00,4.654211338651545,Hello you,84.00169184172873,84.10323415758536
2022-11-30 14:50:19.855571+00:00,4.679369237779391,Hello you,84.00054510217093,84.10208741802757
2022-11-30 14:51:19.855571+00:00,4.704527136907237,Hello you,84.00003090413226,84.1015732199889
2022-11-30 14:52:19.855571+00:00,4.729685036035083,Hello you,84.0001495730417,84.10169188889833
2022-11-30 14:53:19.855571+00:00,4.75484293516293,Hello you,84.00090103379532,84.10244334965195
2022-11-30 14:54:19.855571+00:00,4.780000834290776,Hello you,84.00228481080374,84.10382712666038
2022-11-30 14:55:19.855571+00:00,4.805158733418622,Hello you,84.00430002829316,84.10584234414979
2022-11-30 14:56:19.855571+00:00,4.830316632546468,Hello you,84.00694541085963,84.10848772671626
2022-11-30 14:57:19.855571+00:00,4.855474531674314,Hello you,84.01021928427622,84.11176160013285
2022-11-30 14:58:19.855571+00:00,4.8806324308021605,Hello you,84.0141195765526,84.11566189240924
2022-11-30 14:59:19.855571+00:00,4.9057903299300065,Hello you,84.01864381924644,84.12018613510307
2022-11-30 15:00:19.855571+00:00,4.9309482290578535,Hello you,84.02378914902557,84.12533146488221
2022-11-30 15:01:19.855571+00:00,4.9561061281856995,Hello you,84.02955230948021,84.13109462533684
2022-11-30 15:02:19.855571+00:00,4.981264027313546,Hello you,84.03592965318384,84.13747196904048
2022-11-30 15:03:19.855571+00:00,5.006421926441392,Hello you,84.04291714400173,84.14445945985837
2022-11-30 15:04:19.855571+00:00,5.031579825569238,Hello you,84.05051035964519,84.15205267550182
2022-11-30 15:05:19.855571+00:00,5.056737724697084,Hello you,84.05870449447049,84.16024681032712
2022-11-30 15:06:19.855571+00:00,5.081895623824931,Hello you,84.06749436252029,84.16903667837693
2022-11-30 15:07:19.855571+00:00,5.107053522952777,Hello you,84.07687440080569,84.17841671666233
2022-11-30 15:08:19.855571+00:00,5.132211422080623,Hello you,84.08683867282701,84.18838098868365
2022-11-30 15:09:19.855571+00:00,5.157369321208469,Hello you,84.09738087233096,84.19892318818759
2022-11-30 15:10:19.855571+00:00,5.182527220336315,Hello you,84.10849432730171,84.21003664315835
2022-11-30 15:11:19.855571+00:00,5.207685119464161,Hello you,84.12017200418357,84.2217143200402
2022-11-30 15:12:19.855571+00:00,5.232843018592007,Hello you,84.1324065123324,84.23394882818903
2022-11-30 15:13:19.855571+00:00,5.258000917719854,Hello you,84.14519010869307,84.2467324245497
2022-11-30 15:14:19.855571+00:00,5.2831588168477,Hello you,84.15851470269995,84.26005701855658
2022-11-30 15:15:19.855571+00:00,5.308316715975546,Hello you,84.17237186139727,84.2739141772539
2022-11-30 15:16:19.855571+00:00,5.333474615103392,Hello you,84.18675281477627,84.2882951306329
2022-11-30 15:17:19.855571+00:00,5.358632514231238,Hello you,84.20164846132559,84.30319077718222
2022-11-30 15:18:19.855571+00:00,5.383790413359084,Hello you,84.21704937379154,84.31859168964817
2022-11-30 15:19:19.855571+00:00,5.408948312486931,Hello you,84.2329458051444,84.33448812100103
2022-11-30 15:20:19.855571+00:00,5.434106211614777,Hello you,84.24932769474728,84.35087001060391
2022-11-30 15:21:19.855571+00:00,5.459264110742623,Hello you,84.26618467472328,84.36772699057991
2022-11-30 15:22:19.855571+00:00,5.484422009870469,Hello you,84.28350607651721,84.38504839237385
2022-11-30 15:23:19.855571+00:00,5.509579908998315,Hello you,84.30128093764763,84.40282325350427
2022-11-30 15:24:19.855571+00:00,5.534737808126161,Hello you,84.31949800864474,84.42104032450138
2022-11-30 15:25:19.855571+00:00,5.559895707254008,Hello you,84.33814576017014,84.43968807602677
2022-11-30 15:26:19.855571+00:00,5.585053606381854,Hello you,84.35721239031346,84.4587547061701
2022-11-30 15:27:19.855571+00:00,5.6102115055097,Hello you,84.37668583206178,84.47822814791841
2022-11-30 15:28:19.855571+00:00,5.635369404637546,Hello you,84.39655376093657,84.4980960767932
2022-11-30 15:29:19.855571+00:00,5.6605273037653925,Hello you,84.41680360279372,84.51834591865035
2022-11-30 15:30:19.855571+00:00,5.6856852028932385,Hello you,84.43742254178156,84.53896485763819
2022-11-30 15:31:19.855571+00:00,5.710843102021085,Hello you,84.45839752845181,84.55993984430845
2022-11-30 15:32:19.855571+00:00,5.7360010011489315,Hello you,84.47971528801843,84.58125760387506
2022-11-30 15:33:19.855571+00:00,5.761158900276778,Hello you,84.50136232875901,84.60290464461565
2022-11-30 15:34:19.855571+00:00,5.786316799404624,Hello you,84.52332495055357,84.6248672664102
2022-11-30 15:35:19.855571+00:00,5.81147469853247,Hello you,84.54558925355512,84.64713156941175
2022-11-30 15:36:19.855571+00:00,5.836632597660316,Hello you,84.5681411469867,84.66968346284334
2022-11-30 15:37:19.855571+00:00,5.861790496788162,Hello you,84.59096635805925,84.69250867391588
2022-11-30 15:38:19.855571+00:00,5.886948395916009,Hello you,84.61405044100466,84.7155927568613
2022-11-30 15:39:19.855571+00:00,5.912106295043855,Hello you,84.63737878621833,84.73892110207497
2022-11-30 15:40:19.855571+00:00,5.937264194171701,Hello you,84.66093662950533,84.76247894536196
2022-11-30 15:41:19.855571+00:00,5.962422093299547,Hello you,84.6847090614245,84.78625137728113
2022-11-30 15:42:19.855571+00:00,5.987579992427393,Hello you,84.70868103672446,84.81022335258109
2022-11-30 15:43:19.855571+00:00,6.012737891555239,Hello you,84.73283738386547,84.8343796997221
2022-11-30 15:44:19.855571+00:00,6.037895790683086,Hello you,84.75716281462141,84.85870513047804
2022-11-30 15:45:19.855571+00:00,6.063053689810932,Hello you,84.78164193375535,84.88318424961199
2022-11-30 15:46:19.855571+00:00,6.088211588938778,Hello you,84.8062592487631,84.90780156461973
2022-11-30 15:47:19.855571+00:00,6.113369488066624,Hello you,84.83099917967814,84.93254149553478
2022-11-30 15:48:19.855571+00:00,6.13852738719447,Hello you,84.85584606893204,84.95738838478867
2022-11-30 15:49:19.855571+00:00,6.163685286322316,Hello you,84.88078419126383,84.98232650712046
2022-11-30 15:50:19.855571+00:00,6.188843185450162,Hello you,84.90579776367237,85.007340079529
2022-11-30 15:51:19.855571+00:00,6.214001084578009,Hello you,84.93087095540521,85.03241327126185
2022-11-30 15:52:19.855571+00:00,6.239158983705855,Hello you,84.95598789797762,85.05753021383426
2022-11-30 15:53:19.855571+00:00,6.264316882833701,Hello you,84.98113269521554,85.08267501107217
2022-11-30 15:54:19.855571+00:00,6.289474781961547,Hello you,85.00628943331607,85.1078317491727
2022-11-30 15:55:19.855571+00:00,6.314632681089393,Hello you,85.03144219091912,85.13298450677576
2022-11-30 15:56:19.855571+00:00,6.339790580217239,Hello you,85.05657504918379,85.15811736504043
2022-11-30 15:57:19.855571+00:00,6.364948479345086,Hello you,85.0816721018632,85.18321441771984
2022-11-30 15:58:19.855571+00:00,6.390106378472932,Hello you,85.10671746537136,85.208259781228
2022-11-30 15:59:19.855571+00:00,6.415264277600778,Hello you,85.13169528883563,85.23323760469226
2022-11-30 16:00:19.855571+00:00,6.4404221767286245,Hello you,85.15658976412855,85.25813207998519
2022-11-30 16:01:19.855571+00:00,6.4655800758564705,Hello you,85.18138513587265,85.28292745172928
2022-11-30 16:02:19.855571+00:00,6.490737974984317,Hello you,85.2060657114117,85.30760802726833
2022-11-30 16:03:19.855571+00:00,6.515895874112163,Hello you,85.23061587074244,85.33215818659907
2022-11-30 16:04:19.855571+00:00,6.54105377324001,Hello you,85.25502007640031,85.35656239225695
2022-11-30 16:05:19.855571+00:00,6.566211672367856,Hello you,85.27926288329283,85.38080519914946
2022-11-30 16:06:19.855571+00:00,6.591369571495702,Hello you,85.30332894847463,85.40487126433126
2022-11-30 16:07:19.855571+00:00,6.616527470623548,Hello you,85.32720304085777,85.4287453567144
2022-11-30 16:08:19.855571+00:00,6.641685369751394,Hello you,85.35087005085133,85.45241236670796
2022-11-30 16:09:19.855571+00:00,6.66684326887924,Hello you,85.37431499992402,85.47585731578066
2022-11-30 16:10:19.855571+00:00,6.692001168007087,Hello you,85.39752305008392,85.49906536594055
2022-11-30 16:11:19.855571+00:00,6.717159067134933,Hello you,85.42047951326921,85.52202182912585
2022-11-30 16:12:19.855571+00:00,6.742316966262779,Hello you,85.44316986064412,85.54471217650075
2022-11-30 16:13:19.855571+00:00,6.767474865390625,Hello you,85.46557973179395,85.56712204765059
2022-11-30 16:14:19.855571+00:00,6.792632764518471,Hello you,85.48769494381364,85.58923725967027
2022-11-30 16:15:19.855571+00:00,6.817790663646317,Hello you,85.50950150028387,85.61104381614051
2022-11-30 16:16:19.855571+00:00,6.842948562774163,Hello you,85.53098560012931,85.63252791598595
2022-11-30 16:17:19.855571+00:00,6.86810646190201,Hello you,85.55213364635307,85.6536759622097
2022-11-30 16:18:19.855571+00:00,6.893264361029856,Hello you,85.57293225464203,85.67447457049866
2022-11-30 16:19:19.855571+00:00,6.918422260157702,Hello you,85.59336826183763,85.69491057769426
2022-11-30 16:20:19.855571+00:00,6.943580159285548,Hello you,85.61342873426666,85.7149710501233
2022-11-30 16:21:19.855571+00:00,6.968738058413394,Hello you,85.63310097592682,85.73464329178346
2022-11-30 16:22:19.855571+00:00,6.99389595754124,Hello you,85.6523725365218,85.75391485237843
2022-11-30 16:23:19.855571+00:00,7.019053856669087,Hello you,85.6712312193409,85.77277353519753
2022-11-30 16:24:19.855571+00:00,7.044211755796933,Hello you,85.68966508897826,85.79120740483489
2022-11-30 16:25:19.855571+00:00,7.069369654924779,Hello you,85.7076624788865,85.80920479474314
2022-11-30 16:26:19.855571+00:00,7.094527554052625,Hello you,85.7252119987604,85.82675431461703
2022-11-30 16:27:19.855571+00:00,7.119685453180471,Hello you,85.7423025417456,85.84384485760224
2022-11-30 16:28:19.855571+00:00,7.1448433523083175,Hello you,85.7589232914681,85.86046560732473
2022-11-30 16:29:19.855571+00:00,7.170001251436164,Hello you,85.7750637288796,85.87660604473623
2022-11-30 16:30:19.855571+00:00,7.1951591505640105,Hello you,85.7907136389151,85.89225595477173
2022-11-30 16:31:19.855571+00:00,7.2203170496918565,Hello you,85.80586311695767,85.9074054328143
2022-11-30 16:32:19.855571+00:00,7.2454749488197026,Hello you,85.82050257510708,85.92204489096372
2022-11-30 16:33:19.855571+00:00,7.270632847947549,Hello you,85.83462274824781,85.93616506410444
2022-11-30 16:34:19.855571+00:00,7.295790747075395,Hello you,85.8482146999128,85.94975701576944
2022-11-30 16:35:19.855571+00:00,7.320948646203241,Hello you,85.86126982793922,85.96281214379586
2022-11-30 16:36:19.855571+00:00,7.346106545331088,Hello you,85.87377986991272,85.97532218576936
2022-11-30 16:37:19.855571+00:00,7.371264444458934,Hello you,85.88573690839652,85.98727922425316
2022-11-30 16:38:19.855571+00:00,7.39642234358678,Hello you,85.89713337594232,85.99867569179895
2022-11-30 16:39:19.855571+00:00,7.421580242714626,Hello you,85.90796205987955,86.00950437573619
2022-11-30 16:40:19.855571+00:00,7.446738141842472,Hello you,85.91821610688028,86.01975842273691
2022-11-30 16:41:19.855571+00:00,7.471896040970318,Hello you,85.92788902729652,86.02943134315315
2022-11-30 16:42:19.855571+00:00,7.497053940098165,Hello you,85.93697469926744,86.03851701512407
2022-11-30 16:43:19.855571+00:00,7.522211839226011,Hello you,85.94546737259387,86.0470096884505
2022-11-30 16:44:19.855571+00:00,7.547369738353857,Hello you,85.95336167237743,86.05490398823406
2022-11-30 16:45:19.855571+00:00,7.572527637481703,Hello you,85.96065260242231,86.06219491827895
2022-11-30 16:46:19.855571+00:00,7.597685536609549,Hello you,85.96733554839729,86.06887786425392
2022-11-30 16:47:19.855571+00:00,7.622843435737395,Hello you,85.97340628075601,86.07494859661264
2022-11-30 16:48:19.855571+00:00,7.648001334865242,Hello you,85.97886095741386,86.08040327327049
2022-11-30 16:49:19.855571+00:00,7.673159233993088,Hello you,85.98369612617961,86.08523844203624
2022-11-30 16:50:19.855571+00:00,7.698317133120934,Hello you,85.98790872694018,86.08945104279681
2022-11-30 16:51:19.855571+00:00,7.72347503224878,Hello you,85.99149609359739,86.09303840945402
2022-11-30 16:52:19.855571+00:00,7.748632931376626,Hello you,85.99445595575527,86.0959982716119
2022-11-30 16:53:19.855571+00:00,7.773790830504472,Hello you,85.99678644015704,86.09832875601367
2022-11-30 16:54:19.855571+00:00,7.798948729632318,Hello you,85.99848607187052,86.10002838772715
2022-11-30 16:55:19.855571+00:00,7.824106628760165,Hello you,85.99955377522177,86.1010960910784
2022-11-30 16:56:19.855571+00:00,7.849264527888011,Hello you,85.99998887447572,86.10153119033235
2022-11-30 16:57:19.855571+00:00,7.874422427015857,Hello you,85.99979109426393,86.10133341012056
2022-11-30 16:58:19.855571+00:00,7.899580326143703,Hello you,85.99896055975883,86.10050287561546
2022-11-30 16:59:19.855571+00:00,7.9247382252715495,Hello you,85.9974977965945,86.09904011245114
2022-11-30 17:00:19.855571+00:00,7.9498961243993955,Hello you,85.99540373053401,86.09694604639064
2022-11-30 17:01:19.855571+00:00,7.9750540235272425,Hello you,85.99267968688352,86.09422200274015
2022-11-30 17:02:19.855571+00:00,8.000211922655089,Hello you,85.9893273896535,86.09086970551013
2022-11-30 17:03:19.855571+00:00,8.025369821782935,Hello you,85.98534896046762,86.08689127632425
2022-11-30 17:04:19.855571+00:00,8.05052772091078,Hello you,85.98074691722005,86.08228923307668
2022-11-30 17:05:19.855571+00:00,8.075685620038627,Hello you,85.97552417248184,86.07706648833847
2022-11-30 17:06:19.855571+00:00,8.100843519166473,Hello you,85.96968403165769,86.07122634751433
2022-11-30 17:07:19.855571+00:00,8.126001418294319,Hello you,85.96323019089391,86.06477250675054
2022-11-30 17:08:19.855571+00:00,8.151159317422165,Hello you,85.95616673473926,86.05770905059589
2022-11-30 17:09:19.855571+00:00,8.17631721655001,Hello you,85.9484981335598,86.05004044941643
2022-11-30 17:10:19.855571+00:00,8.201475115677857,Hello you,85.94022924070975,86.04177155656639
2022-11-30 17:11:19.855571+00:00,8.226633014805705,Hello you,85.93136528945985,86.03290760531648
2022-11-30 17:12:19.855571+00:00,8.25179091393355,Hello you,85.92191188968522,86.02345420554185
2022-11-30 17:13:19.855571+00:00,8.276948813061397,Hello you,85.91187502431504,86.01341734017167
2022-11-30 17:14:19.855571+00:00,8.302106712189243,Hello you,85.90126104554595,86.00280336140258
2022-11-30 17:15:19.855571+00:00,8.327264611317089,Hello you,85.89007667082191,85.99161898667855
2022-11-30 17:16:19.855571+00:00,8.352422510444935,Hello you,85.87832897858277,85.9798712944394
2022-11-30 17:17:19.855571+00:00,8.377580409572781,Hello you,85.86602540378443,85.96756771964107
2022-11-30 17:18:19.855571+00:00,8.402738308700627,Hello you,85.85317373319339,85.95471604905002
2022-11-30 17:19:19.855571+00:00,8.427896207828473,Hello you,85.83978210045854,85.94132441631517
2022-11-30 17:20:19.855571+00:00,8.45305410695632,Hello you,85.82585898096355,85.92740129682018
2022-11-30 17:21:19.855571+00:00,8.478212006084165,Hello you,85.81141318646287,85.9129555023195
2022-11-30 17:22:19.855571+00:00,8.503369905212011,Hello you,85.79645385950494,85.89799617536157
2022-11-30 17:23:19.855571+00:00,8.528527804339857,Hello you,85.78099046764592,85.88253278350255
2022-11-30 17:24:19.855571+00:00,8.553685703467705,Hello you,85.76503279745789,85.86657511331452
2022-11-30 17:25:19.855571+00:00,8.578843602595551,Hello you,85.74859094833499,85.85013326419163
2022-11-30 17:26:19.855571+00:00,8.604001501723397,Hello you,85.73167532610168,85.83321764195831
2022-11-30 17:27:19.855571+00:00,8.629159400851243,Hello you,85.71429663642702,85.81583895228366
2022-11-30 17:28:19.855571+00:00,8.65431729997909,Hello you,85.69646587804922,85.79800819390586
2022-11-30 17:29:19.855571+00:00,8.679475199106935,Hello you,85.67819433581467,85.7797366516713
2022-11-30 17:30:19.855571+00:00,8.704633098234781,Hello you,85.6594935735359,85.76103588939253
2022-11-30 17:31:19.855571+00:00,8.729790997362628,Hello you,85.64037542667303,85.74191774252967
2022-11-30 17:32:19.855571+00:00,8.754948896490474,Hello you,85.62085199484325,85.72239431069988
2022-11-30 17:33:19.855571+00:00,8.78010679561832,Hello you,85.60093563416312,85.70247795001976
2022-11-30 17:34:19.855571+00:00,8.805264694746166,Hello you,85.5806389494286,85.68218126528524
2022-11-30 17:35:19.855571+00:00,8.830422593874012,Hello you,85.5599747861376,85.66151710199424
2022-11-30 17:36:19.855571+00:00,8.85558049300186,Hello you,85.53895622236021,85.64049853821685
2022-11-30 17:37:19.855571+00:00,8.880738392129706,Hello you,85.51759656046188,85.61913887631852
2022-11-30 17:38:19.855571+00:00,8.905896291257552,Hello you,85.49590931868438,85.59745163454102
2022-11-30 17:39:19.855571+00:00,8.931054190385398,Hello you,85.47390822259044,85.57545053844707
2022-11-30 17:40:19.855571+00:00,8.956212089513244,Hello you,85.4516071963769,85.55314951223353
2022-11-30 17:41:19.855571+00:00,8.98136998864109,Hello you,85.42902035406233,85.53056266991896
2022-11-30 17:42:19.855571+00:00,9.006527887768936,Hello you,85.40616199055448,85.50770430641111
2022-11-30 17:43:19.855571+00:00,9.031685786896782,Hello you,85.38304657260316,85.4845888884598
2022-11-30 17:44:19.855571+00:00,9.056843686024628,Hello you,85.35968872964453,85.46123104550117
2022-11-30 17:45:19.855571+00:00,9.082001585152474,Hello you,85.33610324454222,85.43764556039885
2022-11-30 17:46:19.855571+00:00,9.10715948428032,Hello you,85.3123050442315,85.41384736008813
2022-11-30 17:47:19.855571+00:00,9.132317383408166,Hello you,85.28830919027223,85.38985150612886
2022-11-30 17:48:19.855571+00:00,9.157475282536012,Hello you,85.2641308693166,85.36567318517324
2022-11-30 17:49:19.855571+00:00,9.18263318166386,Hello you,85.23978538349773,85.34132769935437
2022-11-30 17:50:19.855571+00:00,9.207791080791706,Hello you,85.21528814074509,85.31683045660172
2022-11-30 17:51:19.855571+00:00,9.232948979919552,Hello you,85.19065464503306,85.2921969608897
2022-11-30 17:52:19.855571+00:00,9.258106879047398,Hello you,85.16590048656872,85.26744280242535
2022-11-30 17:53:19.855571+00:00,9.283264778175244,Hello you,85.14104133192492,85.24258364778156
2022-11-30 17:54:19.855571+00:00,9.30842267730309,Hello you,85.11609291412523,85.21763522998187
2022-11-30 17:55:19.855571+00:00,9.333580576430936,Hello you,85.09107102268665,85.19261333854328
2022-11-30 17:56:19.855571+00:00,9.358738475558782,Hello you,85.06599149362663,85.16753380948326
2022-11-30 17:57:19.855571+00:00,9.383896374686628,Hello you,85.04087019944072,85.14241251529735
2022-11-30 17:58:19.855571+00:00,9.409054273814474,Hello you,85.01572303905704,85.11726535491367
2022-11-30 17:59:19.855571+00:00,9.43421217294232,Hello you,84.9905659277741,85.09210824363073
2022-11-30 18:00:19.855571+00:00,9.459370072070167,Hello you,84.96541478718818,85.06695710304481
2022-11-30 18:01:19.855571+00:00,9.484527971198013,Hello you,84.94028553511679,85.04182785097342
2022-11-30 18:02:19.855571+00:00,9.50968587032586,Hello you,84.9151940755245,85.01673639138113
2022-11-30 18:03:19.855571+00:00,9.534843769453706,Hello you,84.8901562884575,84.99169860431414
2022-11-30 18:04:19.855571+00:00,9.560001668581553,Hello you,84.86518801999341,84.96673033585004
2022-11-30 18:05:19.855571+00:00,9.585159567709399,Hello you,84.84030507221244,84.94184738806908
2022-11-30 18:06:19.855571+00:00,9.610317466837245,Hello you,84.81552319319651,84.91706550905315
2022-11-30 18:07:19.855571+00:00,9.63547536596509,Hello you,84.79085806706243,84.89240038291906
2022-11-30 18:08:19.855571+00:00,9.660633265092937,Hello you,84.76632530403575,84.86786761989238
2022-11-30 18:09:19.855571+00:00,9.685791164220783,Hello you,84.74194043057115,84.84348274642778
2022-11-30 18:10:19.855571+00:00,9.710949063348629,Hello you,84.71771887952603,84.81926119538267
2022-11-30 18:11:19.855571+00:00,9.736106962476475,Hello you,84.69367598039322,84.79521829624986
2022-11-30 18:12:19.855571+00:00,9.761264861604321,Hello you,84.66982694959917,84.7713692654558
2022-11-30 18:13:19.855571+00:00,9.786422760732167,Hello you,84.64618688087366,84.74772919673029
2022-11-30 18:14:19.855571+00:00,9.811580659860013,Hello you,84.62277073569723,84.72431305155386
2022-11-30 18:15:19.855571+00:00,9.83673855898786,Hello you,84.5995933338322,84.70113564968884
2022-11-30 18:16:19.855571+00:00,9.861896458115707,Hello you,84.57666934394346,84.6782116598001
2022-11-30 18:17:19.855571+00:00,9.887054357243553,Hello you,84.55401327431493,84.65555559017156
2022-11-30 18:18:19.855571+00:00,9.912212256371399,Hello you,84.53163946366735,84.63318177952398
2022-11-30 18:19:19.855571+00:00,9.937370155499245,Hello you,84.50956207208358,84.61110438794022
2022-11-30 18:20:19.855571+00:00,9.962528054627091,Hello you,84.4877950720469,84.58933738790353
2022-11-30 18:21:19.855571+00:00,9.987685953754937,Hello you,84.46635223959788,84.56789455545452
2022-11-30 18:22:19.855571+00:00,10.012843852882783,Hello you,84.44524714561588,84.54678946147251
2022-11-30 18:23:19.855571+00:00,10.03800175201063,Hello you,84.42449314723011,84.52603546308674
2022-11-30 18:24:19.855571+00:00,10.063159651138475,Hello you,84.4041033793661,84.50564569522274
2022-11-30 18:25:19.855571+00:00,10.088317550266321,Hello you,84.38409074643282,84.48563306228945
2022-11-30 18:26:19.855571+00:00,10.113475449394167,Hello you,84.36446791415561,84.46601023001224
2022-11-30 18:27:19.855571+00:00,10.138633348522013,Hello you,84.34524730156026,84.4467896174169
2022-11-30 18:28:19.855571+00:00,10.163791247649861,Hello you,84.32644107311313,84.42798338896976
2022-11-30 18:29:19.855571+00:00,10.188949146777707,Hello you,84.30806113102246,84.40960344687909
2022-11-30 18:30:19.855571+00:00,10.214107045905553,Hello you,84.29011910770558,84.39166142356221
2022-11-30 18:31:19.855571+00:00,10.2392649450334,Hello you,84.27262635842695,84.37416867428358
2022-11-30 18:32:19.855571+00:00,10.264422844161246,Hello you,84.25559395411157,84.35713626996821
2022-11-30 18:33:19.855571+00:00,10.289580743289092,Hello you,84.23903267433833,84.34057499019497
2022-11-30 18:34:19.855571+00:00,10.314738642416938,Hello you,84.2229530005177,84.32449531637434
2022-11-30 18:35:19.855571+00:00,10.339896541544784,Hello you,84.20736510925832,84.30890742511495
2022-11-30 18:36:19.855571+00:00,10.36505444067263,Hello you,84.1922788659262,84.29382118178283
2022-11-30 18:37:19.855571+00:00,10.390212339800476,Hello you,84.1777038184012,84.27924613425783
2022-11-30 18:38:19.855571+00:00,10.415370238928322,Hello you,84.16364919103422,84.26519150689086
2022-11-30 18:39:19.855571+00:00,10.440528138056168,Hello you,84.15012387880931,84.25166619466594
2022-11-30 18:40:19.855571+00:00,10.465686037184014,Hello you,84.13713644171408,84.23867875757071
2022-11-30 18:41:19.855571+00:00,10.490843936311862,Hello you,84.12469509932218,84.22623741517882
2022-11-30 18:42:19.855571+00:00,10.516001835439708,Hello you,84.1128077255914,84.21435004144803
2022-11-30 18:43:19.855571+00:00,10.541159734567554,Hello you,84.10148184388014,84.20302415973677
2022-11-30 18:44:19.855571+00:00,10.5663176336954,Hello you,84.09072462218612,84.19226693804275
2022-11-30 18:45:19.855571+00:00,10.591475532823246,Hello you,84.0805428686098,84.18208518446643
2022-11-30 18:46:19.855571+00:00,10.616633431951092,Hello you,84.07094302704564,84.17248534290228
2022-11-30 18:47:19.855571+00:00,10.641791331078938,Hello you,84.06193117310383,84.16347348896046
2022-11-30 18:48:19.855571+00:00,10.666949230206784,Hello you,84.05351301026515,84.15505532612178
2022-11-30 18:49:19.855571+00:00,10.69210712933463,Hello you,84.04569386627125,84.14723618212788
2022-11-30 18:50:19.855571+00:00,10.717265028462476,Hello you,84.03847868975288,84.14002100560951
2022-11-30 18:51:19.855571+00:00,10.742422927590322,Hello you,84.03187204709788,84.13341436295451
2022-11-30 18:52:19.855571+00:00,10.767580826718168,Hello you,84.02587811956127,84.1274204354179
2022-11-30 18:53:19.855571+00:00,10.792738725846016,Hello you,84.02050070061888,84.12204301647552
2022-11-30 18:54:19.855571+00:00,10.817896624973862,Hello you,84.01574319356664,84.11728550942327
2022-11-30 18:55:19.855571+00:00,10.843054524101708,Hello you,84.01160860936653,84.11315092522317
2022-11-30 18:56:19.855571+00:00,10.868212423229554,Hello you,84.00809956474113,84.10964188059776
2022-11-30 18:57:19.855571+00:00,10.8933703223574,Hello you,84.00521828051741,84.10676059637404
2022-11-30 18:58:19.855571+00:00,10.918528221485246,Hello you,84.00296658022131,84.10450889607795
2022-11-30 18:59:19.855571+00:00,10.943686120613092,Hello you,84.00134588892354,84.10288820478017
2022-11-30 19:00:19.855571+00:00,10.968844019740938,Hello you,84.00035723233778,84.10189954819441
2022-11-30 19:01:19.855571+00:00,10.994001918868785,Hello you,84.0000012361714,84.10154355202803
2022-11-30 19:02:19.855571+00:00,11.01915981799663,Hello you,84.00027812572961,84.10182044158624
2022-11-30 19:03:19.855571+00:00,11.044317717124477,Hello you,84.00118772577274,84.10273004162937
2022-11-30 19:04:19.855571+00:00,11.069475616252323,Hello you,84.00272946062717,84.1042717764838
2022-11-30 19:05:19.855571+00:00,11.094633515380169,Hello you,84.00490235454973,84.10644467040636
2022-11-30 19:06:19.855571+00:00,11.119791414508017,Hello you,84.00770503234519,84.10924734820182
2022-11-30 19:07:19.855571+00:00,11.144949313635863,Hello you,84.01113572023657,84.1126780360932
2022-11-30 19:08:19.855571+00:00,11.170107212763709,Hello you,84.0151922469878,84.11673456284443
2022-11-30 19:09:19.855571+00:00,11.195265111891555,Hello you,84.01987204527782,84.12141436113446
2022-11-30 19:10:19.855571+00:00,11.2204230110194,Hello you,84.02517215332547,84.1267144691821
2022-11-30 19:11:19.855571+00:00,11.245580910147247,Hello you,84.03108921676385,84.13263153262048
2022-11-30 19:12:19.855571+00:00,11.270738809275093,Hello you,84.03761949076336,84.13916180662
2022-11-30 19:13:19.855571+00:00,11.295896708402939,Hello you,84.04475884240172,84.14630115825835
2022-11-30 19:14:19.855571+00:00,11.321054607530785,Hello you,84.05250275327957,84.1540450691362
2022-11-30 19:15:19.855571+00:00,11.346212506658631,Hello you,84.06084632238023,84.16238863823686
2022-11-30 19:16:19.855571+00:00,11.371370405786477,Hello you,84.0697842691714,84.17132658502803
2022-11-30 19:17:19.855571+00:00,11.396528304914323,Hello you,84.07931093694714,84.18085325280377
2022-11-30 19:18:19.855571+00:00,11.42168620404217,Hello you,84.08942029640797,84.1909626122646
2022-11-30 19:19:19.855571+00:00,11.446844103170017,Hello you,84.10010594947668,84.20164826533332
2022-11-30 19:20:19.855571+00:00,11.472002002297863,Hello you,84.11136113334764,84.21290344920428
2022-11-30 19:21:19.855571+00:00,11.497159901425709,Hello you,84.12317872476684,84.22472104062348
2022-11-30 19:22:19.855571+00:00,11.522317800553555,Hello you,84.13555124454014,84.23709356039677
2022-11-30 19:23:19.855571+00:00,11.547475699681401,Hello you,84.14847086226669,84.25001317812333
2022-11-30 19:24:19.855571+00:00,11.572633598809247,Hello you,84.16192940129477,84.2634717171514
2022-11-30 19:25:19.855571+00:00,11.597791497937093,Hello you,84.17591834389664,84.27746065975327
2022-11-30 19:26:19.855571+00:00,11.62294939706494,Hello you,84.19042883665925,84.29197115251588
2022-11-30 19:27:19.855571+00:00,11.648107296192785,Hello you,84.20545169608755,84.30699401194418
2022-11-30 19:28:19.855571+00:00,11.673265195320631,Hello you,84.22097741441651,84.32251973027314
2022-11-30 19:29:19.855571+00:00,11.698423094448477,Hello you,84.23699616562847,84.3385384814851
2022-11-30 19:30:19.855571+00:00,11.723580993576324,Hello you,84.25349781167195,84.35504012752858
2022-11-30 19:31:19.855571+00:00,11.74873889270417,Hello you,84.27047190887781,84.37201422473444
2022-11-30 19:32:19.855571+00:00,11.773896791832017,Hello you,84.28790771456897,84.3894500304256
2022-11-30 19:33:19.855571+00:00,11.799054690959863,Hello you,84.30579419385927,84.4073365097159
2022-11-30 19:34:19.855571+00:00,11.82421259008771,Hello you,84.32412002663732,84.42566234249395
2022-11-30 19:35:19.855571+00:00,11.849370489215556,Hello you,84.3428736147308,84.44441593058744
2022-11-30 19:36:19.855571+00:00,11.874528388343402,Hello you,84.36204308924688,84.46358540510352
2022-11-30 19:37:19.855571+00:00,11.899686287471248,Hello you,84.38161631808379,84.48315863394042
2022-11-30 19:38:19.855571+00:00,11.924844186599094,Hello you,84.40158091360907,84.5031232294657
2022-11-30 19:39:19.855571+00:00,11.95000208572694,Hello you,84.42192424049964,84.52346655635627
2022-11-30 19:40:19.855571+00:00,11.975159984854786,Hello you,84.44263342373836,84.54417573959499
2022-11-30 19:41:19.855571+00:00,12.000317883982632,Hello you,84.46369535676261,84.56523767261925
2022-11-30 19:42:19.855571+00:00,12.025475783110478,Hello you,84.48509670975919,84.58663902561582
2022-11-30 19:43:19.855571+00:00,12.050633682238324,Hello you,84.50682393810052,84.60836625395716
2022-11-30 19:44:19.855571+00:00,12.075791581366172,Hello you,84.52886329091699,84.63040560677362
2022-11-30 19:45:19.855571+00:00,12.100949480494018,Hello you,84.55120081979953,84.65274313565617
2022-11-30 19:46:19.855571+00:00,12.126107379621864,Hello you,84.57382238762756,84.67536470348419
2022-11-30 19:47:19.855571+00:00,12.15126527874971,Hello you,84.59671367751602,84.69825599337265
2022-11-30 19:48:19.855571+00:00,12.176423177877556,Hello you,84.6198602018764,84.72140251773304
2022-11-30 19:49:19.855571+00:00,12.201581077005402,Hello you,84.64324731158577,84.7447896274424
2022-11-30 19:50:19.855571+00:00,12.226738976133248,Hello you,84.66686020525795,84.76840252111458
2022-11-30 19:51:19.855571+00:00,12.251896875261094,Hello you,84.69068393861113,84.79222625446776
2022-11-30 19:52:19.855571+00:00,12.27705477438894,Hello you,84.71470343392595,84.81624574978258
2022-11-30 19:53:19.855571+00:00,12.302212673516786,Hello you,84.73890348958791,84.84044580544455
2022-11-30 19:54:19.855571+00:00,12.327370572644632,Hello you,84.76326878970832,84.86481110556495
2022-11-30 19:55:19.855571+00:00,12.352528471772478,Hello you,84.78778391381749,84.88932622967413
2022-11-30 19:56:19.855571+00:00,12.377686370900324,Hello you,84.81243334662416,84.9139756624808
2022-11-30 19:57:19.855571+00:00,12.402844270028172,Hello you,84.8372014878349,84.93874380369154
2022-11-30 19:58:19.855571+00:00,12.428002169156018,Hello you,84.86207266202734,84.96361497788398
2022-11-30 19:59:19.855571+00:00,12.453160068283864,Hello you,84.88703112857092,84.98857344442756
2022-11-30 20:00:19.855571+00:00,12.47831796741171,Hello you,84.91206109158894,85.01360340744557
2022-11-30 20:01:19.855571+00:00,12.503475866539556,Hello you,84.93714670995551,85.03868902581215
2022-11-30 20:02:19.855571+00:00,12.528633765667402,Hello you,84.96227210732128,85.06381442317792
2022-11-30 20:03:19.855571+00:00,12.553791664795249,Hello you,84.98742138216126,85.08896369801789
2022-11-30 20:04:19.855571+00:00,12.578949563923095,Hello you,85.01257861783874,85.11412093369538
2022-11-30 20:05:19.855571+00:00,12.60410746305094,Hello you,85.03772789267872,85.13927020853535
2022-11-30 20:06:19.855571+00:00,12.629265362178787,Hello you,85.06285329004449,85.16439560590112
2022-11-30 20:07:19.855571+00:00,12.654423261306633,Hello you,85.08793890841106,85.1894812242677
2022-11-30 20:08:19.855571+00:00,12.679581160434479,Hello you,85.11296887142908,85.21451118728571
2022-11-30 20:09:19.855571+00:00,12.704739059562325,Hello you,85.13792733797266,85.23946965382929
2022-11-30 20:10:19.855571+00:00,12.729896958690173,Hello you,85.1627985121651,85.26434082802173
2022-11-30 20:11:19.855571+00:00,12.755054857818019,Hello you,85.18756665337584,85.28910896923247
2022-11-30 20:12:19.855571+00:00,12.780212756945865,Hello you,85.21221608618251,85.31375840203914
2022-11-30 20:13:19.855571+00:00,12.80537065607371,Hello you,85.23673121029168,85.33827352614831
2022-11-30 20:14:19.855571+00:00,12.830528555201557,Hello you,85.26109651041209,85.36263882626872
2022-11-30 20:15:19.855571+00:00,12.855686454329403,Hello you,85.28529656607405,85.38683888193069
2022-11-30 20:16:19.855571+00:00,12.880844353457249,Hello you,85.30931606138887,85.4108583772455
2022-11-30 20:17:19.855571+00:00,12.906002252585095,Hello you,85.33313979474205,85.43468211059869
2022-11-30 20:18:19.855571+00:00,12.931160151712941,Hello you,85.35675268841423,85.45829500427087
2022-11-30 20:19:19.855571+00:00,12.956318050840787,Hello you,85.3801397981236,85.48168211398023
2022-11-30 20:20:19.855571+00:00,12.981475949968633,Hello you,85.40328632248398,85.50482863834061
2022-11-30 20:21:19.855571+00:00,13.00663384909648,Hello you,85.42617761237243,85.52771992822906
2022-11-30 20:22:19.855571+00:00,13.031791748224325,Hello you,85.44879918020047,85.5503414960571
2022-11-30 20:23:19.855571+00:00,13.056949647352173,Hello you,85.47113670908301,85.57267902493965
2022-11-30 20:24:19.855571+00:00,13.08210754648002,Hello you,85.49317606189948,85.59471837775611
2022-11-30 20:25:19.855571+00:00,13.107265445607865,Hello you,85.51490329024081,85.61644560609744
2022-11-30 20:26:19.855571+00:00,13.132423344735711,Hello you,85.53630464323739,85.63784695909402
2022-11-30 20:27:19.855571+00:00,13.157581243863557,Hello you,85.55736657626164,85.65890889211828
2022-11-30 20:28:19.855571+00:00,13.182739142991403,Hello you,85.57807575950036,85.679618075357
2022-11-30 20:29:19.855571+00:00,13.20789704211925,Hello you,85.59841908639092,85.69996140224755
2022-11-30 20:30:19.855571+00:00,13.233054941247095,Hello you,85.61838368191621,85.71992599777285
2022-11-30 20:31:19.855571+00:00,13.258212840374942,Hello you,85.6379569107531,85.73949922660974
2022-11-30 20:32:19.855571+00:00,13.283370739502788,Hello you,85.6571263852692,85.75866870112583
2022-11-30 20:33:19.855571+00:00,13.308528638630634,Hello you,85.67587997336268,85.77742228921932
2022-11-30 20:34:19.855571+00:00,13.33368653775848,Hello you,85.69420580614072,85.79574812199735
2022-11-30 20:35:19.855571+00:00,13.358844436886326,Hello you,85.71209228543103,85.81363460128766
2022-11-30 20:36:19.855571+00:00,13.384002336014174,Hello you,85.72952809112219,85.83107040697882
2022-11-30 20:37:19.855571+00:00,13.40916023514202,Hello you,85.74650218832805,85.84804450418468
2022-11-30 20:38:19.855571+00:00,13.434318134269866,Hello you,85.76300383437153,85.86454615022816
2022-11-30 20:39:19.855571+00:00,13.459476033397712,Hello you,85.77902258558349,85.88056490144012
2022-11-30 20:40:19.855571+00:00,13.484633932525558,Hello you,85.79454830391245,85.89609061976908
2022-11-30 20:41:19.855571+00:00,13.509791831653404,Hello you,85.80957116334075,85.91111347919738
2022-11-30 20:42:19.855571+00:00,13.53494973078125,Hello you,85.82408165610336,85.92562397196
2022-11-30 20:43:19.855571+00:00,13.560107629909096,Hello you,85.83807059870523,85.93961291456186
2022-11-30 20:44:19.855571+00:00,13.585265529036942,Hello you,85.85152913773331,85.95307145358994
2022-11-30 20:45:19.855571+00:00,13.610423428164788,Hello you,85.86444875545986,85.9659910713165
2022-11-30 20:46:19.855571+00:00,13.635581327292634,Hello you,85.87682127523316,85.97836359108979
2022-11-30 20:47:19.855571+00:00,13.66073922642048,Hello you,85.88863886665236,85.99018118250899
2022-11-30 20:48:19.855571+00:00,13.685897125548326,Hello you,85.89989405052332,86.00143636637995
2022-11-30 20:49:19.855571+00:00,13.711055024676174,Hello you,85.91057970359203,86.01212201944867
2022-11-30 20:50:19.855571+00:00,13.73621292380402,Hello you,85.92068906305286,86.0222313789095
2022-11-30 20:51:19.855571+00:00,13.761370822931866,Hello you,85.9302157308286,86.03175804668524
2022-11-30 20:52:19.855571+00:00,13.786528722059712,Hello you,85.93915367761977,86.0406959934764
2022-11-30 20:53:19.855571+00:00,13.811686621187558,Hello you,85.94749724672043,86.04903956257706
2022-11-30 20:54:19.855571+00:00,13.836844520315404,Hello you,85.95524115759828,86.05678347345491
2022-11-30 20:55:19.855571+00:00,13.86200241944325,Hello you,85.96238050923664,86.06392282509327
2022-11-30 20:56:19.855571+00:00,13.887160318571096,Hello you,85.96891078323615,86.07045309909279
2022-11-30 20:57:19.855571+00:00,13.912318217698942,Hello you,85.97482784667453,86.07637016253116
2022-11-30 20:58:19.855571+00:00,13.937476116826788,Hello you,85.98012795472218,86.08167027057881
2022-11-30 20:59:19.855571+00:00,13.962634015954634,Hello you,85.9848077530122,86.08635006886884
2022-11-30 21:00:19.855571+00:00,13.98779191508248,Hello you,85.98886427976343,86.09040659562007
2022-11-30 21:01:19.855571+00:00,14.012949814210328,Hello you,85.99229496765481,86.09383728351145
2022-11-30 21:02:19.855571+00:00,14.038107713338174,Hello you,85.99509764545027,86.0966399613069
2022-11-30 21:03:19.855571+00:00,14.06326561246602,Hello you,85.99727053937283,86.09881285522947
2022-11-30 21:04:19.855571+00:00,14.088423511593867,Hello you,85.99881227422726,86.1003545900839
2022-11-30 21:05:19.855571+00:00,14.113581410721713,Hello you,85.99972187427039,86.10126419012703
2022-11-30 21:06:19.855571+00:00,14.138739309849559,Hello you,85.9999987638286,86.10154107968523
2022-11-30 21:07:19.855571+00:00,14.163897208977405,Hello you,85.99964276766222,86.10118508351886
2022-11-30 21:08:19.855571+00:00,14.18905510810525,Hello you,85.99865411107646,86.1001964269331
2022-11-30 21:09:19.855571+00:00,14.214213007233097,Hello you,85.99703341977869,86.09857573563532
2022-11-30 21:10:19.855571+00:00,14.239370906360943,Hello you,85.99478171948259,86.09632403533922
2022-11-30 21:11:19.855571+00:00,14.264528805488789,Hello you,85.99190043525888,86.09344275111552
2022-11-30 21:12:19.855571+00:00,14.289686704616635,Hello you,85.98839139063347,86.0899337064901
2022-11-30 21:13:19.855571+00:00,14.314844603744481,Hello you,85.98425680643336,86.08579912229
2022-11-30 21:14:19.855571+00:00,14.340002502872329,Hello you,85.97949929938112,86.08104161523775
2022-11-30 21:15:19.855571+00:00,14.365160402000175,Hello you,85.97412188043873,86.07566419629536
2022-11-30 21:16:19.855571+00:00,14.390318301128021,Hello you,85.96812795290212,86.06967026875876
2022-11-30 21:17:19.855571+00:00,14.415476200255867,Hello you,85.96152131024712,86.06306362610376
2022-11-30 21:18:19.855571+00:00,14.440634099383713,Hello you,85.95430613372875,86.05584844958538
2022-11-30 21:19:19.855571+00:00,14.465791998511559,Hello you,85.94648698973485,86.04802930559148
2022-11-30 21:20:19.855571+00:00,14.490949897639405,Hello you,85.93806882689617,86.0396111427528
2022-11-30 21:21:19.855571+00:00,14.516107796767251,Hello you,85.92905697295436,86.03059928881099
2022-11-30 21:22:19.855571+00:00,14.541265695895097,Hello you,85.9194571313902,86.02099944724684
2022-11-30 21:23:19.855571+00:00,14.566423595022943,Hello you,85.90927537781388,86.01081769367052
2022-11-30 21:24:19.855571+00:00,14.59158149415079,Hello you,85.89851815611986,86.0000604719765
2022-11-30 21:25:19.855571+00:00,14.616739393278635,Hello you,85.8871922744086,85.98873459026524
2022-11-30 21:26:19.855571+00:00,14.641897292406481,Hello you,85.87530490067782,85.97684721653445
2022-11-30 21:27:19.855571+00:00,14.66705519153433,Hello you,85.86286355828594,85.96440587414257
2022-11-30 21:28:19.855571+00:00,14.692213090662175,Hello you,85.84987612119069,85.95141843704732
2022-11-30 21:29:19.855571+00:00,14.717370989790021,Hello you,85.83635080896578,85.93789312482241
2022-11-30 21:30:19.855571+00:00,14.742528888917867,Hello you,85.82229618159882,85.92383849745545
2022-11-30 21:31:19.855571+00:00,14.767686788045713,Hello you,85.8077211340738,85.90926344993044
2022-11-30 21:32:19.855571+00:00,14.79284468717356,Hello you,85.79263489074168,85.89417720659831
2022-11-30 21:33:19.855571+00:00,14.818002586301406,Hello you,85.7770469994823,85.87858931533893
2022-11-30 21:34:19.855571+00:00,14.843160485429252,Hello you,85.76096732566167,85.8625096415183
2022-11-30 21:35:19.855571+00:00,14.868318384557098,Hello you,85.74440604588843,85.84594836174506
2022-11-30 21:36:19.855571+00:00,14.893476283684944,Hello you,85.72737364157305,85.82891595742969
2022-11-30 21:37:19.855571+00:00,14.91863418281279,Hello you,85.70988089229444,85.81142320815107
2022-11-30 21:38:19.855571+00:00,14.943792081940636,Hello you,85.69193886897754,85.79348118483418
2022-11-30 21:39:19.855571+00:00,14.968949981068482,Hello you,85.67355892688687,85.7751012427435
2022-11-30 21:40:19.855571+00:00,14.99410788019633,Hello you,85.65475269843974,85.75629501429637
2022-11-30 21:41:19.855571+00:00,15.019265779324176,Hello you,85.63553208584439,85.73707440170102
2022-11-30 21:42:19.855571+00:00,15.044423678452022,Hello you,85.61590925356718,85.71745156942382
2022-11-30 21:43:19.855571+00:00,15.069581577579868,Hello you,85.5958966206339,85.69743893649053
2022-11-30 21:44:19.855571+00:00,15.094739476707714,Hello you,85.57550685276989,85.67704916862652
2022-11-30 21:45:19.855571+00:00,15.11989737583556,Hello you,85.55475285438412,85.65629517024075
2022-11-30 21:46:19.855571+00:00,15.145055274963406,Hello you,85.53364776040212,85.63519007625875
2022-11-30 21:47:19.855571+00:00,15.170213174091252,Hello you,85.51220492795312,85.61374724380975
2022-11-30 21:48:19.855571+00:00,15.195371073219098,Hello you,85.49043792791642,85.59198024377305
2022-11-30 21:49:19.855571+00:00,15.220528972346944,Hello you,85.46836053633267,85.5699028521893
2022-11-30 21:50:19.855571+00:00,15.24568687147479,Hello you,85.44598672568507,85.54752904154171
2022-11-30 21:51:19.855571+00:00,15.270844770602636,Hello you,85.42333065605654,85.52487297191317
2022-11-30 21:52:19.855571+00:00,15.296002669730484,Hello you,85.40040666616781,85.50194898202444
2022-11-30 21:53:19.855571+00:00,15.32116056885833,Hello you,85.37722926430277,85.4787715801594
2022-11-30 21:54:19.855571+00:00,15.346318467986176,Hello you,85.35381311912634,85.45535543498298
2022-11-30 21:55:19.855571+00:00,15.371476367114022,Hello you,85.33017305040084,85.43171536625748
2022-11-30 21:56:19.855571+00:00,15.396634266241868,Hello you,85.30632401960679,85.40786633546342
2022-11-30 21:57:19.855571+00:00,15.421792165369714,Hello you,85.28228112047397,85.3838234363306
2022-11-30 21:58:19.855571+00:00,15.44695006449756,Hello you,85.25805956942885,85.35960188528549
2022-11-30 21:59:19.855571+00:00,15.472107963625406,Hello you,85.23367469596425,85.33521701182089
2022-11-30 22:00:19.855571+00:00,15.497265862753252,Hello you,85.20914193293757,85.3106842487942
2022-11-30 22:01:19.855571+00:00,15.522423761881099,Hello you,85.18447680680349,85.28601912266012
2022-11-30 22:02:19.855571+00:00,15.547581661008945,Hello you,85.15969492778756,85.26123724364419
2022-11-30 22:03:19.855571+00:00,15.57273956013679,Hello you,85.13481198000659,85.23635429586322
2022-11-30 22:04:19.855571+00:00,15.597897459264637,Hello you,85.1098437115425,85.21138602739913
2022-11-30 22:05:19.855571+00:00,15.623055358392484,Hello you,85.0848059244755,85.18634824033214
2022-11-30 22:06:19.855571+00:00,15.64821325752033,Hello you,85.05971446488321,85.16125678073985
2022-11-30 22:07:19.855571+00:00,15.673371156648177,Hello you,85.03458521281182,85.13612752866845
2022-11-30 22:08:19.855571+00:00,15.698529055776023,Hello you,85.0094340722259,85.11097638808253
2022-11-30 22:09:19.855571+00:00,15.723686954903869,Hello you,84.98427696094296,85.0858192767996
2022-11-30 22:10:19.855571+00:00,15.748844854031715,Hello you,84.9591298005593,85.06067211641593
2022-11-30 22:11:19.855571+00:00,15.77400275315956,Hello you,84.93400850637339,85.03555082223002
2022-11-30 22:12:19.855571+00:00,15.799160652287407,Hello you,84.90892897731337,85.01047129317
2022-11-30 22:13:19.855571+00:00,15.824318551415253,Hello you,84.88390708587477,84.9854494017314
2022-11-30 22:14:19.855571+00:00,15.849476450543099,Hello you,84.85895866807509,84.96050098393172
2022-11-30 22:15:19.855571+00:00,15.874634349670945,Hello you,84.83409951343128,84.93564182928792
2022-11-30 22:16:19.855571+00:00,15.899792248798791,Hello you,84.80934535496694,84.91088767082357
2022-11-30 22:17:19.855571+00:00,15.924950147926637,Hello you,84.78471185925491,84.88625417511155
2022-11-30 22:18:19.855571+00:00,15.950108047054485,Hello you,84.76021461650227,84.8617569323589
2022-11-30 22:19:19.855571+00:00,15.975265946182331,Hello you,84.7358691306834,84.83741144654003
2022-11-30 22:20:19.855571+00:00,16.000423845310177,Hello you,84.71169080972778,84.81323312558442
2022-11-30 22:21:19.855571+00:00,16.02558174443802,Hello you,84.6876949557685,84.78923727162514
2022-11-30 22:22:19.855571+00:00,16.05073964356587,Hello you,84.66389675545778,84.76543907131442
2022-11-30 22:23:19.855571+00:00,16.075897542693713,Hello you,84.64031127035547,84.7418535862121
2022-11-30 22:24:19.855571+00:00,16.10105544182156,Hello you,84.61695342739684,84.71849574325347
2022-11-30 22:25:19.855571+00:00,16.12621334094941,Hello you,84.59383800944553,84.69538032530217
2022-11-30 22:26:19.855571+00:00,16.151371240077253,Hello you,84.57097964593767,84.6725219617943
2022-11-30 22:27:19.855571+00:00,16.1765291392051,Hello you,84.5483928036231,84.64993511947974
2022-11-30 22:28:19.855571+00:00,16.201687038332945,Hello you,84.52609177740956,84.6276340932662
2022-11-30 22:29:19.855571+00:00,16.226844937460793,Hello you,84.50409068131562,84.60563299717225
2022-11-30 22:30:19.855571+00:00,16.252002836588638,Hello you,84.48240343953812,84.58394575539475
2022-11-30 22:31:19.855571+00:00,16.277160735716485,Hello you,84.46104377763979,84.56258609349642
2022-11-30 22:32:19.855571+00:00,16.30231863484433,Hello you,84.44002521386241,84.54156752971905
2022-11-30 22:33:19.855571+00:00,16.327476533972177,Hello you,84.4193610505714,84.52090336642803
2022-11-30 22:34:19.855571+00:00,16.35263443310002,Hello you,84.39906436583688,84.50060668169351
2022-11-30 22:35:19.855571+00:00,16.37779233222787,Hello you,84.37914800515676,84.4806903210134
2022-11-30 22:36:19.855571+00:00,16.402950231355714,Hello you,84.35962457332698,84.46116688918362
2022-11-30 22:37:19.855571+00:00,16.42810813048356,Hello you,84.3405064264641,84.44204874232074
2022-11-30 22:38:19.855571+00:00,16.45326602961141,Hello you,84.32180566418533,84.42334798004197
2022-11-30 22:39:19.855571+00:00,16.478423928739254,Hello you,84.30353412195078,84.40507643780741
2022-11-30 22:40:19.855571+00:00,16.5035818278671,Hello you,84.28570336357298,84.38724567942961
2022-11-30 22:41:19.855571+00:00,16.528739726994946,Hello you,84.26832467389832,84.36986698975495
2022-11-30 22:42:19.855571+00:00,16.553897626122794,Hello you,84.25140905166501,84.35295136752164
2022-11-30 22:43:19.855571+00:00,16.579055525250638,Hello you,84.23496720254211,84.33650951839874
2022-11-30 22:44:19.855571+00:00,16.604213424378486,Hello you,84.21900953235408,84.32055184821071
2022-11-30 22:45:19.855571+00:00,16.62937132350633,Hello you,84.20354614049508,84.30508845635171
2022-11-30 22:46:19.855571+00:00,16.654529222634178,Hello you,84.18858681353713,84.29012912939376
2022-11-30 22:47:19.855571+00:00,16.679687121762022,Hello you,84.17414101903645,84.27568333489309
2022-11-30 22:48:19.855571+00:00,16.70484502088987,Hello you,84.16021789954146,84.2617602153981
2022-11-30 22:49:19.855571+00:00,16.730002920017714,Hello you,84.14682626680661,84.24836858266325
2022-11-30 22:50:19.855571+00:00,16.755160819145562,Hello you,84.13397459621557,84.2355169120722
2022-11-30 22:51:19.855571+00:00,16.78031871827341,Hello you,84.12167102141723,84.22321333727386
2022-11-30 22:52:19.855571+00:00,16.805476617401254,Hello you,84.1099233291781,84.21146564503474
2022-11-30 22:53:19.855571+00:00,16.830634516529102,Hello you,84.09873895445405,84.20028127031068
2022-11-30 22:54:19.855571+00:00,16.855792415656946,Hello you,84.08812497568496,84.1896672915416
2022-11-30 22:55:19.855571+00:00,16.880950314784794,Hello you,84.07808811031478,84.17963042617141
2022-11-30 22:56:19.855571+00:00,16.90610821391264,Hello you,84.06863471054015,84.17017702639679
2022-11-30 22:57:19.855571+00:00,16.931266113040486,Hello you,84.05977075929025,84.16131307514688
2022-11-30 22:58:19.855571+00:00,16.95642401216833,Hello you,84.0515018664402,84.15304418229684
2022-11-30 22:59:19.855571+00:00,16.98158191129618,Hello you,84.04383326526074,84.14537558111738
2022-11-30 23:00:19.855571+00:00,17.006739810424023,Hello you,84.03676980910609,84.13831212496272
2022-11-30 23:01:19.855571+00:00,17.03189770955187,Hello you,84.03031596834231,84.13185828419894
2022-11-30 23:02:19.855571+00:00,17.057055608679715,Hello you,84.02447582751816,84.1260181433748
2022-11-30 23:03:19.855571+00:00,17.082213507807563,Hello you,84.01925308277995,84.12079539863659
2022-11-30 23:04:19.855571+00:00,17.10737140693541,Hello you,84.01465103953238,84.11619335538902
2022-11-30 23:05:19.855571+00:00,17.132529306063255,Hello you,84.0106726103465,84.11221492620314
2022-11-30 23:06:19.855571+00:00,17.157687205191102,Hello you,84.00732031311648,84.10886262897311
2022-11-30 23:07:19.855571+00:00,17.182845104318947,Hello you,84.00459626946599,84.10613858532263
2022-11-30 23:08:19.855571+00:00,17.208003003446795,Hello you,84.0025022034055,84.10404451926213
2022-11-30 23:09:19.855571+00:00,17.23316090257464,Hello you,84.00103944024117,84.1025817560978
2022-11-30 23:10:19.855571+00:00,17.258318801702487,Hello you,84.00020890573607,84.1017512215927
2022-11-30 23:11:19.855571+00:00,17.28347670083033,Hello you,84.00001112552428,84.10155344138091
2022-11-30 23:12:19.855571+00:00,17.30863459995818,Hello you,84.00044622477823,84.10198854063486
2022-11-30 23:13:19.855571+00:00,17.333792499086023,Hello you,84.00151392812948,84.10305624398612
2022-11-30 23:14:19.855571+00:00,17.35895039821387,Hello you,84.00321355984296,84.1047558756996
2022-11-30 23:15:19.855571+00:00,17.384108297341715,Hello you,84.00554404424471,84.10708636010135
2022-11-30 23:16:19.855571+00:00,17.409266196469563,Hello you,84.00850390640261,84.11004622225924
2022-11-30 23:17:19.855571+00:00,17.43442409559741,Hello you,84.01209127305982,84.11363358891646
2022-11-30 23:18:19.855571+00:00,17.459581994725255,Hello you,84.01630387382039,84.11784618967702
2022-11-30 23:19:19.855571+00:00,17.484739893853103,Hello you,84.02113904258614,84.12268135844278
2022-11-30 23:20:19.855571+00:00,17.509897792980947,Hello you,84.02659371924399,84.12813603510062
2022-11-30 23:21:19.855571+00:00,17.535055692108795,Hello you,84.03266445160271,84.13420676745935
2022-11-30 23:22:19.855571+00:00,17.56021359123664,Hello you,84.03934739757767,84.1408897134343
2022-11-30 23:23:19.855571+00:00,17.585371490364487,Hello you,84.04663832762257,84.14818064347921
2022-11-30 23:24:19.855571+00:00,17.61052938949233,Hello you,84.05453262740613,84.15607494326277
2022-11-30 23:25:19.855571+00:00,17.63568728862018,Hello you,84.06302530073256,84.1645676165892
2022-11-30 23:26:19.855571+00:00,17.660845187748023,Hello you,84.07211097270348,84.17365328856012
2022-11-30 23:27:19.855571+00:00,17.68600308687587,Hello you,84.08178389311972,84.18332620897635
2022-11-30 23:28:19.855571+00:00,17.71116098600372,Hello you,84.09203794012045,84.19358025597708
2022-11-30 23:29:19.855571+00:00,17.736318885131563,Hello you,84.10286662405768,84.20440893991432
2022-11-30 23:30:19.855571+00:00,17.76147678425941,Hello you,84.11426309160348,84.21580540746011
2022-11-30 23:31:19.855571+00:00,17.786634683387256,Hello you,84.12622013008728,84.22776244594391
2022-11-30 23:32:19.855571+00:00,17.811792582515103,Hello you,84.13873017206078,84.24027248791741
2022-11-30 23:33:19.855571+00:00,17.836950481642948,Hello you,84.1517853000872,84.25332761594383
2022-11-30 23:34:19.855571+00:00,17.862108380770795,Hello you,84.16537725175218,84.26691956760881
2022-11-30 23:35:19.855571+00:00,17.88726627989864,Hello you,84.17949742489292,84.28103974074955
2022-11-30 23:36:19.855571+00:00,17.912424179026488,Hello you,84.19413688304233,84.29567919889897
2022-11-30 23:37:19.855571+00:00,17.937582078154332,Hello you,84.2092863610849,84.31082867694154
2022-11-30 23:38:19.855571+00:00,17.96273997728218,Hello you,84.2249362711204,84.32647858697703
2022-11-30 23:39:19.855571+00:00,17.987897876410024,Hello you,84.2410767085319,84.34261902438854
2022-11-30 23:40:19.855571+00:00,18.01305577553787,Hello you,84.25769745825438,84.35923977411102
2022-11-30 23:41:19.855571+00:00,18.03821367466572,Hello you,84.2747880012396,84.37633031709623
2022-11-30 23:42:19.855571+00:00,18.063371573793564,Hello you,84.2923375211135,84.39387983697013
2022-11-30 23:43:19.855571+00:00,18.08852947292141,Hello you,84.31033491102174,84.41187722687837
2022-11-30 23:44:19.855571+00:00,18.113687372049256,Hello you,84.32876878065909,84.43031109651572
2022-11-30 23:45:19.855571+00:00,18.138845271177104,Hello you,84.3476274634782,84.44916977933484
2022-11-30 23:46:19.855571+00:00,18.164003170304948,Hello you,84.36689902407318,84.46844133992981
2022-11-30 23:47:19.855571+00:00,18.189161069432796,Hello you,84.38657126573334,84.48811358158997
2022-11-30 23:48:19.855571+00:00,18.21431896856064,Hello you,84.40663173816237,84.50817405401901
2022-11-30 23:49:19.855571+00:00,18.239476867688488,Hello you,84.42706774535797,84.52861006121461
2022-11-30 23:50:19.855571+00:00,18.264634766816332,Hello you,84.44786635364693,84.54940866950356
2022-11-30 23:51:19.855571+00:00,18.28979266594418,Hello you,84.46901439987067,84.5705567157273
2022-11-30 23:52:19.855571+00:00,18.314950565072024,Hello you,84.49049849971613,84.59204081557276
2022-11-30 23:53:19.855571+00:00,18.340108464199872,Hello you,84.51230505618636,84.613847372043
2022-11-30 23:54:19.855571+00:00,18.36526636332772,Hello you,84.53442026820605,84.63596258406268
2022-11-30 23:55:19.855571+00:00,18.390424262455564,Hello you,84.55683013935587,84.6583724552125
2022-11-30 23:56:19.855571+00:00,18.415582161583412,Hello you,84.57952048673079,84.68106280258742
2022-11-30 23:57:19.855571+00:00,18.440740060711256,Hello you,84.60247694991608,84.70401926577271
2022-11-30 23:58:19.855571+00:00,18.465897959839104,Hello you,84.62568500007598,84.72722731593261
2022-11-30 23:59:19.855571+00:00,18.49105585896695,Hello you,84.64912994914867,84.7506722650053
2022-12-01 00:00:19.855571+00:00,18.516213758094796,Hello you,84.67279695914223,84.77433927499887
2022-12-01 00:01:19.855571+00:00,18.54137165722264,Hello you,84.69667105152537,84.798213367382
2022-12-01 00:02:19.855571+00:00,18.56652955635049,Hello you,84.72073711670717,84.8222794325638
2022-12-01 00:03:19.855571+00:00,18.591687455478333,Hello you,84.74497992359969,84.84652223945632
2022-12-01 00:04:19.855571+00:00,18.61684535460618,Hello you,84.76938412925756,84.8709264451142
2022-12-01 00:05:19.855571+00:00,18.642003253734025,Hello you,84.7939342885883,84.89547660444494
2022-12-01 00:06:19.855571+00:00,18.667161152861873,Hello you,84.81861486412734,84.92015717998397
2022-12-01 00:07:19.855571+00:00,18.69231905198972,Hello you,84.84341023587145,84.94495255172808
2022-12-01 00:08:19.855571+00:00,18.717476951117565,Hello you,84.86830471116437,84.969847027021
2022-12-01 00:09:19.855571+00:00,18.742634850245413,Hello you,84.89328253462864,84.99482485048527
2022-12-01 00:10:19.855571+00:00,18.767792749373257,Hello you,84.9183278981368,85.01987021399343
2022-12-01 00:11:19.855571+00:00,18.792950648501105,Hello you,84.94342495081621,85.04496726667284
2022-12-01 00:12:19.855571+00:00,18.81810854762895,Hello you,84.96855780908088,85.07010012493751
2022-12-01 00:13:19.855571+00:00,18.843266446756797,Hello you,84.99371056668393,85.09525288254056
2022-12-01 00:14:19.855571+00:00,18.86842434588464,Hello you,85.01886730478446,85.1204096206411
2022-12-01 00:15:19.855571+00:00,18.89358224501249,Hello you,85.04401210202238,85.14555441787901
2022-12-01 00:16:19.855571+00:00,18.918740144140333,Hello you,85.06912904459477,85.17067136045141
2022-12-01 00:17:19.855571+00:00,18.94389804326818,Hello you,85.09420223632762,85.19574455218425
2022-12-01 00:18:19.855571+00:00,18.969055942396025,Hello you,85.11921580873617,85.2207581245928
2022-12-01 00:19:19.855571+00:00,18.994213841523873,Hello you,85.14415393106796,85.2456962469246
2022-12-01 00:20:19.855571+00:00,19.01937174065172,Hello you,85.16900082032186,85.27054313617849
2022-12-01 00:21:19.855571+00:00,19.044529639779565,Hello you,85.1937407512369,85.29528306709354
2022-12-01 00:22:19.855571+00:00,19.069687538907413,Hello you,85.21835806624465,85.31990038210128
2022-12-01 00:23:19.855571+00:00,19.094845438035257,Hello you,85.24283718537859,85.34437950123522
2022-12-01 00:24:19.855571+00:00,19.120003337163105,Hello you,85.26716261613453,85.36870493199116
2022-12-01 00:25:19.855571+00:00,19.14516123629095,Hello you,85.29131896327554,85.39286127913218
2022-12-01 00:26:19.855571+00:00,19.170319135418797,Hello you,85.3152909385755,85.41683325443213
2022-12-01 00:27:19.855571+00:00,19.19547703454664,Hello you,85.33906337049467,85.4406056863513
2022-12-01 00:28:19.855571+00:00,19.22063493367449,Hello you,85.36262121378167,85.4641635296383
2022-12-01 00:29:19.855571+00:00,19.245792832802334,Hello you,85.38594955899532,85.48749187485195
2022-12-01 00:30:19.855571+00:00,19.27095073193018,Hello you,85.40903364194074,85.51057595779737
2022-12-01 00:31:19.855571+00:00,19.296108631058026,Hello you,85.4318588530133,85.53340116886993
2022-12-01 00:32:19.855571+00:00,19.321266530185873,Hello you,85.45441074644488,85.55595306230151
2022-12-01 00:33:19.855571+00:00,19.34642442931372,Hello you,85.47667504944643,85.57821736530306
2022-12-01 00:34:19.855571+00:00,19.371582328441566,Hello you,85.49863767124099,85.60017998709762
2022-12-01 00:35:19.855571+00:00,19.396740227569413,Hello you,85.52028471198157,85.62182702783821
2022-12-01 00:36:19.855571+00:00,19.421898126697258,Hello you,85.54160247154819,85.64314478740482
2022-12-01 00:37:19.855571+00:00,19.447056025825106,Hello you,85.56257745821844,85.66411977407508
2022-12-01 00:38:19.855571+00:00,19.47221392495295,Hello you,85.58319639720627,85.6847387130629
2022-12-01 00:39:19.855571+00:00,19.497371824080798,Hello you,85.60344623906343,85.70498855492006
2022-12-01 00:40:19.855571+00:00,19.522529723208642,Hello you,85.62331416793822,85.72485648379485
2022-12-01 00:41:19.855571+00:00,19.54768762233649,Hello you,85.64278760968654,85.74432992554317
2022-12-01 00:42:19.855571+00:00,19.572845521464334,Hello you,85.66185423982986,85.7633965556865
2022-12-01 00:43:19.855571+00:00,19.598003420592182,Hello you,85.68050199135526,85.78204430721189
2022-12-01 00:44:19.855571+00:00,19.623161319720026,Hello you,85.69871906235237,85.800261378209
2022-12-01 00:45:19.855571+00:00,19.648319218847874,Hello you,85.71649392348279,85.81803623933942
2022-12-01 00:46:19.855571+00:00,19.67347711797572,Hello you,85.73381532527672,85.83535764113336
2022-12-01 00:47:19.855571+00:00,19.698635017103566,Hello you,85.75067230525272,85.85221462110935
2022-12-01 00:48:19.855571+00:00,19.723792916231414,Hello you,85.7670541948556,85.86859651071224
2022-12-01 00:49:19.855571+00:00,19.748950815359258,Hello you,85.78295062620846,85.8844929420651
2022-12-01 00:50:19.855571+00:00,19.774108714487106,Hello you,85.79835153867441,85.89989385453104
2022-12-01 00:51:19.855571+00:00,19.79926661361495,Hello you,85.81324718522373,85.91478950108036
2022-12-01 00:52:19.855571+00:00,19.824424512742798,Hello you,85.82762813860273,85.92917045445937
2022-12-01 00:53:19.855571+00:00,19.849582411870642,Hello you,85.84148529730005,85.94302761315669
2022-12-01 00:54:19.855571+00:00,19.87474031099849,Hello you,85.85480989130693,85.95635220716356
2022-12-01 00:55:19.855571+00:00,19.899898210126334,Hello you,85.8675934876676,85.96913580352424
2022-12-01 00:56:19.855571+00:00,19.925056109254182,Hello you,85.87982799581643,85.98137031167306
2022-12-01 00:57:19.855571+00:00,19.950214008382027,Hello you,85.89150567269829,85.99304798855492
2022-12-01 00:58:19.855571+00:00,19.975371907509874,Hello you,85.90261912766903,86.00416144352566
2022-12-01 00:59:19.855571+00:00,20.000529806637722,Hello you,85.91316132717299,86.01470364302962
2022-12-01 01:00:19.855571+00:00,20.025687705765566,Hello you,85.92312559919431,86.02466791505094
2022-12-01 01:01:19.855571+00:00,20.050845604893414,Hello you,85.93250563747971,86.03404795333634
2022-12-01 01:02:19.855571+00:00,20.07600350402126,Hello you,85.9412955055295,86.04283782138613
2022-12-01 01:03:19.855571+00:00,20.101161403149106,Hello you,85.94948964035481,86.05103195621145
2022-12-01 01:04:19.855571+00:00,20.12631930227695,Hello you,85.95708285599827,86.0586251718549
2022-12-01 01:05:19.855571+00:00,20.1514772014048,Hello you,85.96407034681614,86.06561266267278
2022-12-01 01:06:19.855571+00:00,20.176635100532643,Hello you,85.97044769051979,86.07199000637642
2022-12-01 01:07:19.855571+00:00,20.20179299966049,Hello you,85.97621085097443,86.07775316683106
2022-12-01 01:08:19.855571+00:00,20.226950898788335,Hello you,85.98135618075356,86.0828984966102
2022-12-01 01:09:19.855571+00:00,20.252108797916183,Hello you,85.9858804234474,86.08742273930403
2022-12-01 01:10:19.855571+00:00,20.277266697044027,Hello you,85.98978071572378,86.09132303158042
2022-12-01 01:11:19.855571+00:00,20.302424596171875,Hello you,85.99305458914037,86.094596904997
2022-12-01 01:12:19.855571+00:00,20.327582495299723,Hello you,85.99569997170684,86.09724228756347
2022-12-01 01:13:19.855571+00:00,20.352740394427567,Hello you,85.99771518919626,86.09925750505289
2022-12-01 01:14:19.855571+00:00,20.377898293555415,Hello you,85.99909896620468,86.10064128206132
2022-12-01 01:15:19.855571+00:00,20.40305619268326,Hello you,85.9998504269583,86.10139274281494
2022-12-01 01:16:19.855571+00:00,20.428214091811107,Hello you,85.99996909586774,86.10151141172437
2022-12-01 01:17:19.855571+00:00,20.45337199093895,Hello you,85.99945489782907,86.1009972136857
2022-12-01 01:18:19.855571+00:00,20.4785298900668,Hello you,85.99830815827127,86.0998504741279
2022-12-01 01:19:19.855571+00:00,20.503687789194643,Hello you,85.99652960295033,86.09807191880697
2022-12-01 01:20:19.855571+00:00,20.52884568832249,Hello you,85.99412035748993,86.09566267334657
2022-12-01 01:21:19.855571+00:00,20.554003587450335,Hello you,85.99108194666903,86.09262426252566
2022-12-01 01:22:19.855571+00:00,20.579161486578183,Hello you,85.98741629345679,86.08895860931342
2022-12-01 01:23:19.855571+00:00,20.604319385706027,Hello you,85.9831257177957,86.08466803365233
2022-12-01 01:24:19.855571+00:00,20.629477284833875,Hello you,85.97821293513321,86.07975525098985
2022-12-01 01:25:19.855571+00:00,20.654635183961723,Hello you,85.97268105470316,86.07422337055979
2022-12-01 01:26:19.855571+00:00,20.679793083089567,Hello you,85.96653357755804,86.06807589341467
2022-12-01 01:27:19.855571+00:00,20.704950982217415,Hello you,85.95977439435319,86.06131671020982
2022-12-01 01:28:19.855571+00:00,20.73010888134526,Hello you,85.95240778288445,86.05395009874108
2022-12-01 01:29:19.855571+00:00,20.755266780473107,Hello you,85.94443840538082,86.04598072123746
2022-12-01 01:30:19.855571+00:00,20.78042467960095,Hello you,85.93587130555382,86.03741362141045
2022-12-01 01:31:19.855571+00:00,20.8055825787288,Hello you,85.92671190540528,86.02825422126192
2022-12-01 01:32:19.855571+00:00,20.830740477856644,Hello you,85.91696600179601,86.01850831765265
2022-12-01 01:33:19.855571+00:00,20.85589837698449,Hello you,85.90663976277689,86.00818207863352
2022-12-01 01:34:19.855571+00:00,20.881056276112336,Hello you,85.89573972368525,85.99728203954189
2022-12-01 01:35:19.855571+00:00,20.906214175240184,Hello you,85.88427278300878,85.98581509886542
2022-12-01 01:36:19.855571+00:00,20.931372074368028,Hello you,85.87224619801948,85.97378851387612
2022-12-01 01:37:19.855571+00:00,20.956529973495876,Hello you,85.85966758018074,85.96120989603737
2022-12-01 01:38:19.855571+00:00,20.981687872623723,Hello you,85.84654489033007,85.9480872061867
2022-12-01 01:39:19.855571+00:00,21.006845771751568,Hello you,85.83288643364078,85.93442874949741
2022-12-01 01:40:19.855571+00:00,21.032003670879416,Hello you,85.81870085436583,85.92024317022246
2022-12-01 01:41:19.855571+00:00,21.05716157000726,Hello you,85.80399713036694,85.90553944622357
2022-12-01 01:42:19.855571+00:00,21.082319469135108,Hello you,85.78878456743263,85.89032688328926
2022-12-01 01:43:19.855571+00:00,21.107477368262952,Hello you,85.77307279338872,85.87461510924535
2022-12-01 01:44:19.855571+00:00,21.1326352673908,Hello you,85.756871752005,85.85841406786163
2022-12-01 01:45:19.855571+00:00,21.157793166518644,Hello you,85.74019169670194,85.84173401255858
2022-12-01 01:46:19.855571+00:00,21.182951065646492,Hello you,85.72304318406151,85.82458549991814
2022-12-01 01:47:19.855571+00:00,21.208108964774336,Hello you,85.70543706714595,85.80697938300258
2022-12-01 01:48:19.855571+00:00,21.233266863902184,Hello you,85.6873844886291,85.78892680448574
2022-12-01 01:49:19.855571+00:00,21.258424763030032,Hello you,85.66889687374434,85.77043918960098
2022-12-01 01:50:19.855571+00:00,21.283582662157876,Hello you,85.64998592305365,85.75152823891028
2022-12-01 01:51:19.855571+00:00,21.308740561285724,Hello you,85.63066360504256,85.73220592089919
2022-12-01 01:52:19.855571+00:00,21.333898460413568,Hello you,85.61094214854542,85.71248446440205
2022-12-01 01:53:19.855571+00:00,21.359056359541416,Hello you,85.59083403500595,85.69237635086259
2022-12-01 01:54:19.855571+00:00,21.38421425866926,Hello you,85.5703519905779,85.67189430643454
2022-12-01 01:55:19.855571+00:00,21.409372157797108,Hello you,85.5495089780708,85.65105129392744
2022-12-01 01:56:19.855571+00:00,21.434530056924952,Hello you,85.52831818874606,85.62986050460269
2022-12-01 01:57:19.855571+00:00,21.4596879560528,Hello you,85.50679303396828,85.60833534982491
2022-12-01 01:58:19.855571+00:00,21.484845855180644,Hello you,85.4849471367175,85.58648945257413
2022-12-01 01:59:19.855571+00:00,21.510003754308492,Hello you,85.4627943229673,85.56433663882393
2022-12-01 02:00:19.855571+00:00,21.535161653436337,Hello you,85.44034861293463,85.54189092879126
2022-12-01 02:01:19.855571+00:00,21.560319552564184,Hello you,85.41762421220646,85.5191665280631
2022-12-01 02:02:19.855571+00:00,21.585477451692032,Hello you,85.39463550274944,85.49617781860607
2022-12-01 02:03:19.855571+00:00,21.610635350819877,Hello you,85.37139703380757,85.4729393496642
2022-12-01 02:04:19.855571+00:00,21.635793249947724,Hello you,85.34792351269428,85.44946582855091
2022-12-01 02:05:19.855571+00:00,21.66095114907557,Hello you,85.32422979548437,85.425772111341
2022-12-01 02:06:19.855571+00:00,21.686109048203416,Hello you,85.30033087761176,85.40187319346839
2022-12-01 02:07:19.855571+00:00,21.71126694733126,Hello you,85.27624188437908,85.37778420023571
2022-12-01 02:08:19.855571+00:00,21.73642484645911,Hello you,85.25197806138513,85.35352037724176
2022-12-01 02:09:19.855571+00:00,21.761582745586953,Hello you,85.22755476487609,85.32909708073272
2022-12-01 02:10:19.855571+00:00,21.7867406447148,Hello you,85.20298745202676,85.3045297678834
2022-12-01 02:11:19.855571+00:00,21.811898543842645,Hello you,85.17829167115798,85.27983398701461
2022-12-01 02:12:19.855571+00:00,21.837056442970493,Hello you,85.15348305189622,85.25502536775285
2022-12-01 02:13:19.855571+00:00,21.862214342098337,Hello you,85.12857729528187,85.2301196111385
2022-12-01 02:14:19.855571+00:00,21.887372241226185,Hello you,85.10359016383224,85.20513247968887
2022-12-01 02:15:19.855571+00:00,21.912530140354033,Hello you,85.07853747156567,85.1800797874223
2022-12-01 02:16:19.855571+00:00,21.937688039481877,Hello you,85.05343507399306,85.15497738984969
2022-12-01 02:17:19.855571+00:00,21.962845938609725,Hello you,85.02829885808312,85.12984117393975
2022-12-01 02:18:19.855571+00:00,21.98800383773757,Hello you,85.00314473220774,85.10468704806438
2022-12-01 02:19:19.855571+00:00,22.013161736865417,Hello you,84.97798861607377,85.0795309319304
2022-12-01 02:20:19.855571+00:00,22.03831963599326,Hello you,84.9528464306477,85.05438874650433
2022-12-01 02:21:19.855571+00:00,22.06347753512111,Hello you,84.92773408807942,85.02927640393605
2022-12-01 02:22:19.855571+00:00,22.088635434248953,Hello you,84.9026674816317,85.00420979748833
2022-12-01 02:23:19.855571+00:00,22.1137933333768,Hello you,84.87766247562155,84.97920479147818
2022-12-01 02:24:19.855571+00:00,22.138951232504645,Hello you,84.85273489537987,84.9542772112365
2022-12-01 02:25:19.855571+00:00,22.164109131632493,Hello you,84.82790051723583,84.92944283309247
2022-12-01 02:26:19.855571+00:00,22.189267030760337,Hello you,84.8031750585323,84.90471737438894
2022-12-01 02:27:19.855571+00:00,22.214424929888185,Hello you,84.77857416767844,84.88011648353508
2022-12-01 02:28:19.855571+00:00,22.239582829016033,Hello you,84.75411341424615,84.85565573010278
2022-12-01 02:29:19.855571+00:00,22.264740728143877,Hello you,84.72980827911623,84.83135059497286
2022-12-01 02:30:19.855571+00:00,22.289898627271725,Hello you,84.70567414468071,84.80721646053735
2022-12-01 02:31:19.855571+00:00,22.31505652639957,Hello you,84.6817262851077,84.78326860096433
2022-12-01 02:32:19.855571+00:00,22.340214425527417,Hello you,84.65797985667433,84.75952217253096
2022-12-01 02:33:19.855571+00:00,22.36537232465526,Hello you,84.63444988817479,84.73599220403142
2022-12-01 02:34:19.855571+00:00,22.39053022378311,Hello you,84.61115127140862,84.71269358726525
2022-12-01 02:35:19.855571+00:00,22.415688122910954,Hello you,84.58809875175601,84.68964106761264
2022-12-01 02:36:19.855571+00:00,22.4408460220388,Hello you,84.56530691884561,84.66684923470224
2022-12-01 02:37:19.855571+00:00,22.466003921166646,Hello you,84.54279019732093,84.64433251317756
2022-12-01 02:38:19.855571+00:00,22.491161820294494,Hello you,84.5205628377112,84.62210515356783
2022-12-01 02:39:19.855571+00:00,22.516319719422338,Hello you,84.4986389074124,84.60018122326903
2022-12-01 02:40:19.855571+00:00,22.541477618550186,Hello you,84.4770322817842,84.57857459764084
2022-12-01 02:41:19.855571+00:00,22.566635517678034,Hello you,84.45575663536842,84.55729895122505
2022-12-01 02:42:19.855571+00:00,22.591793416805878,Hello you,84.43482543323461,84.53636774909124
2022-12-01 02:43:19.855571+00:00,22.616951315933726,Hello you,84.41425192245816,84.5157942383148
2022-12-01 02:44:19.855571+00:00,22.64210921506157,Hello you,84.39404912373645,84.49559143959308
2022-12-01 02:45:19.855571+00:00,22.667267114189418,Hello you,84.3742298231482,84.47577213900483
2022-12-01 02:46:19.855571+00:00,22.692425013317262,Hello you,84.3548065640613,84.45634887991794
2022-12-01 02:47:19.855571+00:00,22.71758291244511,Hello you,84.33579163919438,84.43733395505102
2022-12-01 02:48:19.855571+00:00,22.742740811572954,Hello you,84.31719708283681,84.41873939869345
2022-12-01 02:49:19.855571+00:00,22.767898710700802,Hello you,84.2990346632324,84.40057697908904
2022-12-01 02:50:19.855571+00:00,22.793056609828646,Hello you,84.28131587513147,84.3828581909881
2022-12-01 02:51:19.855571+00:00,22.818214508956494,Hello you,84.2640519325159,84.36559424837253
2022-12-01 02:52:19.855571+00:00,22.84337240808434,Hello you,84.24725376150205,84.34879607735868
2022-12-01 02:53:19.855571+00:00,22.868530307212186,Hello you,84.23093199342568,84.33247430928232
2022-12-01 02:54:19.855571+00:00,22.893688206340034,Hello you,84.21509695811359,84.31663927397022
2022-12-01 02:55:19.855571+00:00,22.91884610546788,Hello you,84.19975867734597,84.3013009932026
2022-12-01 02:56:19.855571+00:00,22.944004004595726,Hello you,84.18492685851373,84.28646917437037
2022-12-01 02:57:19.855571+00:00,22.96916190372357,Hello you,84.17061088847493,84.27215320433156
2022-12-01 02:58:19.855571+00:00,22.994319802851418,Hello you,84.15681982761377,84.2583621434704
2022-12-01 02:59:19.855571+00:00,23.019477701979262,Hello you,84.14356240410666,84.2451047199633
2022-12-01 03:00:19.855571+00:00,23.04463560110711,Hello you,84.130847008398,84.23238932425464
2022-12-01 03:01:19.855571+00:00,23.069793500234955,Hello you,84.11868168789019,84.22022400374682
2022-12-01 03:02:19.855571+00:00,23.094951399362802,Hello you,84.10707414185043,84.20861645770707
2022-12-01 03:03:19.855571+00:00,23.120109298490647,Hello you,84.09603171653798,84.19757403239461
2022-12-01 03:04:19.855571+00:00,23.145267197618494,Hello you,84.08556140055484,84.18710371641147
2022-12-01 03:05:19.855571+00:00,23.17042509674634,Hello you,84.07566982042269,84.17721213627932
2022-12-01 03:06:19.855571+00:00,23.195582995874187,Hello you,84.06636323638915,84.16790555224578
2022-12-01 03:07:19.855571+00:00,23.220740895002034,Hello you,84.05764753846569,84.15918985432232
2022-12-01 03:08:19.855571+00:00,23.24589879412988,Hello you,84.04952824269989,84.15107055855653
2022-12-01 03:09:19.855571+00:00,23.271056693257727,Hello you,84.04201048768451,84.14355280354114
2022-12-01 03:10:19.855571+00:00,23.29621459238557,Hello you,84.03509903130526,84.1366413471619
2022-12-01 03:11:19.855571+00:00,23.32137249151342,Hello you,84.02879824772963,84.13034056358626
2022-12-01 03:12:19.855571+00:00,23.346530390641263,Hello you,84.0231121246385,84.12465444049514
2022-12-01 03:13:19.855571+00:00,23.37168828976911,Hello you,84.0180442607025,84.11958657655913
2022-12-01 03:14:19.855571+00:00,23.396846188896955,Hello you,84.01359786330428,84.11514017916092
2022-12-01 03:15:19.855571+00:00,23.422004088024803,Hello you,84.00977574650881,84.11131806236544
2022-12-01 03:16:19.855571+00:00,23.447161987152647,Hello you,84.00658032928219,84.10812264513882
2022-12-01 03:17:19.855571+00:00,23.472319886280495,Hello you,84.0040136339609,84.10555594981753
2022-12-01 03:18:19.855571+00:00,23.49747778540834,Hello you,84.00207728497176,84.1036196008284
2022-12-01 03:19:19.855571+00:00,23.522635684536187,Hello you,84.00077250780392,84.10231482366055
2022-12-01 03:20:19.855571+00:00,23.547793583664035,Hello you,84.00010012823326,84.10164244408989
2022-12-01 03:21:19.855571+00:00,23.57295148279188,Hello you,84.00006057179971,84.10160288765634
2022-12-01 03:22:19.855571+00:00,23.598109381919727,Hello you,84.00065386353802,84.10219617939465
2022-12-01 03:23:19.855571+00:00,23.62326728104757,Hello you,84.00187962796186,84.10342194381849
2022-12-01 03:24:19.855571+00:00,23.64842518017542,Hello you,84.00373708930144,84.10527940515807
2022-12-01 03:25:19.855571+00:00,23.673583079303263,Hello you,84.00622507199458,84.10776738785121
2022-12-01 03:26:19.855571+00:00,23.69874097843111,Hello you,84.00934200143057,84.1108843172872
2022-12-01 03:27:19.855571+00:00,23.723898877558955,Hello you,84.01308590494683,84.11462822080347
2022-12-01 03:28:19.855571+00:00,23.749056776686803,Hello you,84.01745441307737,84.11899672893401
2022-12-01 03:29:19.855571+00:00,23.774214675814648,Hello you,84.02244476105231,84.12398707690895
2022-12-01 03:30:19.855571+00:00,23.799372574942495,Hello you,84.02805379054777,84.1295961064044
2022-12-01 03:31:19.855571+00:00,23.82453047407034,Hello you,84.03427795168464,84.13582026754128
2022-12-01 03:32:19.855571+00:00,23.849688373198187,Hello you,84.04111330527535,84.14265562113198
2022-12-01 03:33:19.855571+00:00,23.874846272326035,Hello you,84.04855552531683,84.15009784117346
2022-12-01 03:34:19.855571+00:00,23.90000417145388,Hello you,84.05659990172842,84.15814221758505
2022-12-01 03:35:19.855571+00:00,23.925162070581727,Hello you,84.06524134333284,84.16678365918948
2022-12-01 03:36:19.855571+00:00,23.95031996970957,Hello you,84.07447438107832,84.17601669693495
2022-12-01 03:37:19.855571+00:00,23.97547786883742,Hello you,84.08429317149984,84.18583548735647
2022-12-01 03:38:19.855571+00:00,24.000635767965264,Hello you,84.0946915004174,84.19623381627403
2022-12-01 03:39:19.855571+00:00,24.02579366709311,Hello you,84.10566278686898,84.20720510272561
2022-12-01 03:40:19.855571+00:00,24.050951566220956,Hello you,84.11720008727538,84.21874240313201
2022-12-01 03:41:19.855571+00:00,24.076109465348804,Hello you,84.12929609983487,84.23083841569151
2022-12-01 03:42:19.855571+00:00,24.101267364476648,Hello you,84.14194316914431,84.24348548500095
2022-12-01 03:43:19.855571+00:00,24.126425263604496,Hello you,84.15513329104418,84.25667560690081
2022-12-01 03:44:19.855571+00:00,24.151583162732344,Hello you,84.16885811768431,84.27040043354094
2022-12-01 03:45:19.855571+00:00,24.176741061860188,Hello you,84.1831089628071,84.28465127866373
2022-12-01 03:46:19.855571+00:00,24.201898960988036,Hello you,84.19787680724495,84.29941912310159
2022-12-01 03:47:19.855571+00:00,24.22705686011588,Hello you,84.21315230462841,84.31469462048504
2022-12-01 03:48:19.855571+00:00,24.252214759243728,Hello you,84.22892578730128,84.33046810315791
2022-12-01 03:49:19.855571+00:00,24.277372658371572,Hello you,84.2451872724392,84.34672958829583
2022-12-01 03:50:19.855571+00:00,24.30253055749942,Hello you,84.26192646836766,84.3634687842243
2022-12-01 03:51:19.855571+00:00,24.327688456627264,Hello you,84.27913278107542,84.38067509693205
2022-12-01 03:52:19.855571+00:00,24.352846355755112,Hello you,84.29679532091932,84.39833763677595
2022-12-01 03:53:19.855571+00:00,24.378004254882956,Hello you,84.31490290951622,84.41644522537285
2022-12-01 03:54:19.855571+00:00,24.403162154010804,Hello you,84.33344408681762,84.43498640267426
2022-12-01 03:55:19.855571+00:00,24.42832005313865,Hello you,84.3524071183626,84.45394943421924
2022-12-01 03:56:19.855571+00:00,24.453477952266496,Hello you,84.37178000270436,84.47332231856099
2022-12-01 03:57:19.855571+00:00,24.478635851394344,Hello you,84.39155047900579,84.49309279486242
2022-12-01 03:58:19.855571+00:00,24.50379375052219,Hello you,84.4117060347992,84.51324835065583
2022-12-01 03:59:19.855571+00:00,24.528951649650036,Hello you,84.43223391390529,84.53377622976193
2022-12-01 04:00:19.855571+00:00,24.55410954877788,Hello you,84.45312112450637,84.554663440363
2022-12-01 04:01:19.855571+00:00,24.57926744790573,Hello you,84.47435444736868,84.57589676322532
2022-12-01 04:02:19.855571+00:00,24.604425347033573,Hello you,84.49592044420868,84.59746276006531
2022-12-01 04:03:19.855571+00:00,24.62958324616142,Hello you,84.51780546619796,84.61934778205459
2022-12-01 04:04:19.855571+00:00,24.654741145289265,Hello you,84.53999566260138,84.64153797845802
2022-12-01 04:05:19.855571+00:00,24.679899044417112,Hello you,84.5624769895431,84.66401930539973
2022-12-01 04:06:19.855571+00:00,24.705056943544957,Hello you,84.5852352188946,84.68677753475123
2022-12-01 04:07:19.855571+00:00,24.730214842672805,Hello you,84.6082559472796,84.70979826313624
2022-12-01 04:08:19.855571+00:00,24.75537274180065,Hello you,84.63152460518975,84.73306692104639
2022-12-01 04:09:19.855571+00:00,24.780530640928497,Hello you,84.65502646620541,84.75656878206205
2022-12-01 04:10:19.855571+00:00,24.805688540056344,Hello you,84.67874665631585,84.78028897217249
2022-12-01 04:11:19.855571+00:00,24.83084643918419,Hello you,84.70267016333283,84.80421247918946
2022-12-01 04:12:19.855571+00:00,24.856004338312037,Hello you,84.72678184639153,84.82832416224817
2022-12-01 04:13:19.855571+00:00,24.88116223743988,Hello you,84.7510664455331,84.85260876138973
2022-12-01 04:14:19.855571+00:00,24.90632013656773,Hello you,84.77550859136242,84.87705090721906
2022-12-01 04:15:19.855571+00:00,24.931478035695573,Hello you,84.8000928147752,84.90163513063183
2022-12-01 04:16:19.855571+00:00,24.95663593482342,Hello you,84.82480355674812,84.92634587260476
2022-12-01 04:17:19.855571+00:00,24.981793833951265,Hello you,84.84962517818606,84.95116749404269
2022-12-01 04:18:19.855571+00:00,25.006951733079113,Hello you,84.8745419698197,84.97608428567634
2022-12-01 04:19:19.855571+00:00,25.032109632206957,Hello you,84.89953816214783,85.00108047800447
2022-12-01 04:20:19.855571+00:00,25.057267531334805,Hello you,84.9245979354176,85.02614025127423
2022-12-01 04:21:19.855571+00:00,25.08242543046265,Hello you,84.94970542963662,85.05124774549326
2022-12-01 04:22:19.855571+00:00,25.107583329590497,Hello you,84.97484475461061,85.07638707046725
2022-12-01 04:23:19.855571+00:00,25.132741228718345,Hello you,85.0,85.10154231585663
